,case_name,backrub_steps,struct_num,score_function_name,fa_atr,fa_dun,fa_elec,fa_intra_rep,fa_rep,fa_sol,hbond_bb_sc,hbond_lr_bb,hbond_sc,hbond_sr_bb,omega,p_aa_pp,pro_close,rama,ref,total_score,yhh_planarity
0,D19Y,5,1,fa_talaris2014,-0.34448154847370915,-2.842170943040401e-14,0.07188692691812548,-2.220446049250313e-16,0.11150928121033132,0.6224487252421795,-0.013479880572301539,0.0006271864253690751,0.0026126194462059438,7.105427357601002e-15,1.7763568394002505e-15,0.0,-2.220446049250313e-16,0.0,0.0,0.4511233101960954,5.551115123125783e-17
1,D19Y,5,2,fa_talaris2014,-0.3659909216642063,0.0,0.1390692489834109,-6.8833827526759706e-15,0.09349208301416922,0.5720626134971099,0.018926776475796103,0.0008518468664604484,-0.05611213326962883,0.0,0.0,3.552713678800501e-15,-2.220446049250313e-16,0.0,0.0,0.4022995139032446,-2.7755575615628914e-17
2,D19Y,5,3,fa_talaris2014,-0.4973230139696625,-2.842170943040401e-14,-0.1006639782164811,1.3322676295501878e-15,-0.24834868935440824,0.17170230580012458,-0.055742714197885235,-0.009113091183703403,0.16491922427316652,-7.105427357601002e-15,1.7763568394002505e-15,3.552713678800501e-15,0.0,3.552713678800501e-15,0.0,-0.5745699568496718,0.0
3,D19Y,5,4,fa_talaris2014,-0.7011359114086417,2.842170943040401e-14,-0.10404680602680827,1.3322676295501878e-15,0.46407907009180605,0.8175604015778504,0.13807030467992476,0.005369821327992241,0.02940959561630141,7.105427357601002e-15,0.0,0.0,-2.220446049250313e-16,0.0,0.0,0.6493064758578555,0.0
4,D19Y,5,5,fa_talaris2014,-0.08302697119813729,0.0,0.007071243401369998,-1.5543122344752192e-15,-0.06134922957809863,0.23178733084819214,0.02032648118387037,0.00022571712070984518,-0.07160839153185439,-7.105427357601002e-15,0.0,3.552713678800501e-15,-2.220446049250313e-16,0.0,0.0,0.04342618024628564,0.0
5,D19Y,5,6,fa_talaris2014,-0.5020093167825053,0.0,0.09567374550588426,-6.661338147750939e-15,0.007550711764537255,0.7492326288295885,0.029884006322559387,0.002335246222482823,-0.1012084155410129,0.0,1.7763568394002505e-15,0.0,2.220446049250313e-16,-3.552713678800501e-15,0.0,0.28145860632074005,0.0
6,D19Y,5,7,fa_talaris2014,-1.2820098147606132,-2.842170943040401e-14,0.18832415794005897,-5.773159728050814e-15,0.13354407551773306,0.5000444359641278,0.022157012366328388,-0.01158046092637477,1.0383800410979926,-3.552713678800501e-15,0.0,-3.552713678800501e-15,0.0,0.0,0.0,0.5888594471980468,-2.7755575615628914e-17
7,D19Y,5,8,fa_talaris2014,0.8416035298049565,-2.842170943040401e-14,1.8600086650108096,-5.10702591327572e-15,0.07983828399999027,-1.5237685609351956,-0.0677187046797183,0.004800688743738846,0.5078906762527846,7.105427357601002e-15,0.0,3.552713678800501e-15,0.0,-3.552713678800501e-15,0.0,1.7026545781972686,0.0
8,D19Y,5,9,fa_talaris2014,-0.4624593671577486,0.0,-0.06413699086409252,-7.327471962526033e-15,0.06624469121169341,0.7935215535120506,0.008933093375288692,0.0024910327632028384,-0.0624893528019812,0.0,0.0,-3.552713678800501e-15,0.0,0.0,0.0,0.2821046600389252,-2.7755575615628914e-17
9,D19Y,5,10,fa_talaris2014,-0.2913551066415039,0.0,0.02951443910861684,-5.773159728050814e-15,0.08175893824546421,0.6318474855276008,0.03160982630948794,0.0017876041249849095,-0.053084770149529614,0.0,0.0,0.0,0.0,-3.552713678800501e-15,0.0,0.4320784165250018,0.0
10,D19Y,5,11,fa_talaris2014,1.3081467351504443,0.0,1.2265496687950375,7.105427357601002e-15,-0.4974113504423272,-1.310216840471071,0.001517998349847005,-0.011638001700031708,0.6684172322213113,0.0,-1.7763568394002505e-15,-3.552713678800501e-15,0.0,0.0,0.0,1.3853654419035593,-5.551115123125783e-17
11,D19Y,5,12,fa_talaris2014,-0.6238931196330668,0.0,-0.006612334302083411,0.0,0.004231548978388844,0.8266832959780572,0.01944604921443016,-0.0008150979318806151,-0.07498318494670109,0.0,0.0,0.0,2.220446049250313e-16,3.552713678800501e-15,0.0,0.14405715735810531,0.0
12,D19Y,5,13,fa_talaris2014,0.05842890135147627,-2.842170943040401e-14,0.10178167743397637,-1.3322676295501878e-15,0.02457912578073973,0.11546072266628471,0.03851562780636186,-0.0028122938342676207,0.03420603986399939,-7.105427357601002e-15,0.0,0.0,-2.220446049250313e-16,-3.552713678800501e-15,0.0,0.37015980106841084,-2.7755575615628914e-17
13,D19Y,5,14,fa_talaris2014,1.0349754228606116,0.0,1.635005136952529,4.884981308350689e-15,-0.21623816609793067,-1.114302141427288,0.008912957344595185,-0.01431143447024752,0.508262753108979,0.0,0.0,0.0,2.220446049250313e-16,-3.552713678800501e-15,0.0,1.842304528271825,0.0
14,D19Y,5,15,fa_talaris2014,1.1693020959666,2.842170943040401e-14,-0.07902516884380617,-4.440892098500626e-16,-0.08417194556002983,-1.2515019388836777,-0.008381042939422656,-0.0015036941695925066,0.04103333398833087,0.0,1.7763568394002505e-15,0.0,-2.220446049250313e-16,0.0,0.0,-0.21424836044130302,5.551115123125783e-17
15,D19Y,5,16,fa_talaris2014,0.2719242138082336,0.0,-0.42921290317978134,-5.10702591327572e-15,0.013528528446784094,0.08469727650788172,-0.29941409105456884,0.003188740216469199,-0.03448100782524666,7.105427357601002e-15,1.7763568394002505e-15,0.0,2.220446049250313e-16,-3.552713678800501e-15,0.0,-0.38976924308033745,0.0
16,D19Y,5,17,fa_talaris2014,1.1527645021899389,2.842170943040401e-14,1.048489757457304,-3.3306690738754696e-15,-0.2554308175949771,-1.4507779120412465,-0.07892168704809777,-0.0212340539394269,0.608895698489949,0.0,0.0,0.0,2.220446049250313e-16,0.0,0.0,1.003785487513852,2.7755575615628914e-17
17,D19Y,5,18,fa_talaris2014,0.014080829597332922,2.842170943040401e-14,0.10403539642894799,-2.886579864025407e-15,0.04300445646402551,0.06169323019804551,-0.03381959535367862,-0.00454431430784652,-0.007661441626603427,0.0,-1.7763568394002505e-15,3.552713678800501e-15,-2.220446049250313e-16,-3.552713678800501e-15,0.0,0.1767885613999738,5.551115123125783e-17
18,D19Y,5,19,fa_talaris2014,-0.33680275256222103,0.0,-0.09923662932607158,-1.354472090042691e-14,0.07114719466878228,0.7394665733255579,0.016011397679976724,-0.005027671640050357,-0.07198462511823855,7.105427357601002e-15,0.0,-3.552713678800501e-15,0.0,-3.552713678800501e-15,0.0,0.31357348702820786,1.1102230246251565e-16
19,D19Y,5,20,fa_talaris2014,-0.0077901177184003245,0.0,0.028765359107069344,-3.3306690738754696e-15,0.09440449983341637,0.11084862327533074,0.02688653721862977,0.0024896966392837783,0.024525774815421286,7.105427357601002e-15,0.0,0.0,-2.220446049250313e-16,0.0,0.0,0.280130373169726,1.1102230246251565e-16
20,D19Y,5,21,fa_talaris2014,1.07857052040697,-2.842170943040401e-14,0.8548775923388163,-3.552713678800501e-15,0.10045653940800037,-1.438464984971347,-0.014257335485568845,-0.004736559840392118,0.6168334393957302,0.0,0.0,3.552713678800501e-15,-2.220446049250313e-16,0.0,0.0,1.19327921125236,0.0
21,D19Y,5,22,fa_talaris2014,-0.49039394888939114,0.0,-0.10618144599889945,1.1102230246251565e-15,0.09074868466094443,0.764831168913588,0.03836928268825268,0.0006465928381906849,-0.0649465116837522,7.105427357601002e-15,0.0,0.0,0.0,0.0,0.0,0.23307382252980346,-2.7755575615628914e-17
22,D19Y,5,23,fa_talaris2014,-0.06926191821901284,0.0,-0.013990070738287841,1.7763568394002505e-15,0.051606644607623764,0.1228293951702426,0.018461520873659154,0.00045381475623429424,0.026445474580691908,-7.105427357601002e-15,-1.7763568394002505e-15,0.0,2.220446049250313e-16,0.0,0.0,0.13654486103223462,0.0
23,D19Y,5,24,fa_talaris2014,-0.4904473353032017,0.0,-0.1408374764007263,-2.1094237467877974e-14,0.10648138063819346,0.7858251192442367,0.018874738244861966,0.001957858497178222,-0.06266394980802925,-7.105427357601002e-15,1.7763568394002505e-15,0.0,0.0,-3.552713678800501e-15,0.0,0.21919033511352382,0.0
24,D19Y,5,25,fa_talaris2014,1.0201952115202175,0.0,1.0726105994486161,-8.215650382226158e-15,-0.2715365088178814,-1.276367514512799,-0.018791542298366437,-0.017575386402899795,0.6411843039448923,7.105427357601002e-15,0.0,3.552713678800501e-15,-2.220446049250313e-16,0.0,0.0,1.1497191628815813,0.0
25,D19Y,5,26,fa_talaris2014,-0.833122450858923,2.842170943040401e-14,-0.18563486629670933,-1.3322676295501878e-15,-0.1014749308773304,0.8858115917392411,0.03232086119660593,0.005033489978252703,0.03936656810712158,0.0,0.0,3.552713678800501e-15,0.0,0.0,0.0,-0.15769973701210915,-5.551115123125783e-17
26,D19Y,5,27,fa_talaris2014,-0.6359946122780684,0.0,-0.021281227066808128,-2.220446049250313e-15,0.06563889648261068,0.8708401715229002,0.055568879892836875,0.006311661696148718,-0.005118348831825159,0.0,-1.7763568394002505e-15,0.0,0.0,0.0,0.0,0.3359654214179102,2.7755575615628914e-17
27,D19Y,5,28,fa_talaris2014,0.8114060151452804,0.0,0.05783640687484137,-1.5765166949677223e-14,-0.05058735157662397,-1.1494015896712995,-0.05081775457319537,0.00016704598006356264,0.11434197592916462,7.105427357601002e-15,0.0,0.0,-2.220446049250313e-16,0.0,0.0,-0.26705525189274226,-2.7755575615628914e-17
28,D19Y,5,29,fa_talaris2014,0.8283953012947904,0.0,1.0272101168047953,-1.1546319456101628e-14,-0.1311454184787948,-1.0955545549167027,-0.07089042489108799,-0.0024425376570640367,0.6619065475110464,0.0,1.7763568394002505e-15,3.552713678800501e-15,0.0,0.0,0.0,1.217479029667203,2.7755575615628914e-17
29,D19Y,5,30,fa_talaris2014,1.2561503240942784,2.842170943040401e-14,0.07609276431702483,-1.3322676295501878e-15,0.046545033489024945,-1.6219982480728277,-0.12973060414679694,-0.004311856836263672,0.06469895615092991,0.0,-1.7763568394002505e-15,3.552713678800501e-15,-2.220446049250313e-16,1.7763568394002505e-15,0.0,-0.31255363100399336,-2.7755575615628914e-17
30,D19Y,5,31,fa_talaris2014,0.40190619956854334,-2.842170943040401e-14,0.991725618468493,4.218847493575595e-15,-0.10492010427671516,-0.6157964007915098,-0.007104767166966397,0.002279654177971935,-0.03655250729838411,0.0,0.0,0.0,0.0,3.552713678800501e-15,0.0,0.6315376926807232,0.0
31,D19Y,5,32,fa_talaris2014,-0.37312942321932496,0.0,0.10110424232929915,-5.995204332975845e-15,0.057544081112475,0.17634356004225538,0.05169673942370778,0.004965742495798509,-0.04613680887888982,0.0,0.0,0.0,0.0,0.0,0.0,-0.027611866695167464,0.0
32,D19Y,5,33,fa_talaris2014,0.35975346430939226,0.0,0.8494427045258846,-1.3322676295501878e-15,0.022348447754659162,-0.24750565284637105,0.4226462591172311,0.0014729271571489733,-0.0588346811004028,-7.105427357601002e-15,0.0,3.552713678800501e-15,0.0,-3.552713678800501e-15,0.0,1.3493234689179303,1.1102230246251565e-16
33,D19Y,5,34,fa_talaris2014,1.0328339905021267,0.0,0.6527866160261908,1.7763568394002505e-15,-0.24980653871740088,-1.2341643906172521,0.011212349818924494,-0.01243272371434756,0.8296223629059218,0.0,0.0,3.552713678800501e-15,0.0,-3.552713678800501e-15,0.0,1.0300516662034624,2.7755575615628914e-17
34,D19Y,5,35,fa_talaris2014,-0.6205016400323302,0.0,-0.05761030231480646,4.440892098500626e-15,0.18132124872760613,0.7862958329895378,0.007886265351883637,0.007411624732753808,-0.10311764477511742,-7.105427357601002e-15,0.0,0.0,0.0,0.0,0.0,0.20168538467962094,1.1102230246251565e-16
35,D19Y,10,1,fa_talaris2014,-0.10893410744972698,-2.842170943040401e-14,0.19736423739658449,1.2434497875801753e-14,0.0139640933362557,0.18851008040422812,0.011709112103066133,0.0013339627304311819,0.03678948759389922,7.105427357601002e-15,1.7763568394002505e-15,-3.552713678800501e-15,2.220446049250313e-16,0.0,0.0,0.3407368661156056,2.7755575615628914e-17
36,D19Y,10,2,fa_talaris2014,0.030619943006399808,0.0,-0.3589422313592081,-1.2212453270876722e-14,0.018815934770955778,-0.033358865729155696,0.007197722690253983,-0.0009962416770576965,0.045760141371552265,-7.105427357601002e-15,-1.7763568394002505e-15,0.0,-2.220446049250313e-16,0.0,0.0,-0.2909035969259435,0.0
37,D19Y,10,3,fa_talaris2014,-0.4242674185221631,-2.842170943040401e-14,0.015304917388398565,7.549516567451064e-15,0.11219751343528372,0.7082695905577339,0.11115218538038718,0.0016584470068039536,-0.09720577704322952,0.0,0.0,-3.552713678800501e-15,0.0,0.0,0.0,0.4271094582010164,-2.7755575615628914e-17
38,D19Y,10,4,fa_talaris2014,-0.024645937043374033,-2.842170943040401e-14,0.05638955619234309,-1.9984014443252818e-15,-0.025675817740328455,0.07394074464735922,0.015965811822258758,-0.0012981920775949618,-0.047052471421093145,0.0,1.7763568394002505e-15,0.0,0.0,0.0,0.0,0.04762369437924008,0.0
39,D19Y,10,5,fa_talaris2014,-0.4829605490680251,2.842170943040401e-14,-0.3049362332597809,6.661338147750939e-15,0.04295214082724641,0.7754223344109619,0.03893733930111587,-0.0006626345011255808,-0.20640243649784473,-7.105427357601002e-15,1.7763568394002505e-15,-3.552713678800501e-15,0.0,0.0,0.0,-0.13765003878802418,0.0
40,D19Y,10,6,fa_talaris2014,0.03559055461175831,-2.842170943040401e-14,0.060656194333368774,-3.774758283725532e-15,0.0021590899376278117,0.15179508573220346,0.00864092865755417,-0.0050181517649399154,-0.001312625844177795,0.0,0.0,0.0,-2.220446049250313e-16,0.0,0.0,0.25251107566455744,2.7755575615628914e-17
41,D19Y,10,7,fa_talaris2014,0.2657017183703374,0.0,0.5155404765466329,-1.1102230246251565e-14,0.0992983097216964,-0.6352449120734605,-0.047746344788764716,0.002768478184730583,0.46984947365632657,0.0,1.7763568394002505e-15,-3.552713678800501e-15,0.0,-1.7763568394002505e-15,0.0,0.6701671996181346,-5.551115123125783e-17
42,D19Y,10,8,fa_talaris2014,-0.008211581759496767,-2.842170943040401e-14,0.11466884923598997,-5.329070518200751e-15,-0.006026222775730616,0.23116457161023618,-0.04817173979048839,-0.003628142766256559,0.04447185271401022,0.0,0.0,0.0,-2.220446049250313e-16,0.0,0.0,0.3242675864686646,5.551115123125783e-17
43,D19Y,10,9,fa_talaris2014,-0.9197312846446266,-2.842170943040401e-14,-0.14810917726290995,-5.10702591327572e-15,0.09648829572370232,1.0850767051649655,0.0434939118619635,-0.0009439399636903545,-0.1071208783920854,-7.105427357601002e-15,-1.7763568394002505e-15,-3.552713678800501e-15,0.0,0.0,0.0,0.04915363248639437,0.0
44,D19Y,10,10,fa_talaris2014,0.09581596836096651,0.0,-0.004022976574113102,5.995204332975845e-15,0.06210898362774486,0.11449497208752746,0.04696594372497387,0.006022810142358281,0.08141416997558926,0.0,1.7763568394002505e-15,0.0,0.0,0.0,0.0,0.4027998713445129,0.0
45,D19Y,10,11,fa_talaris2014,-0.15560827323179183,0.0,-0.1687131407384186,-2.220446049250313e-15,0.005833544997408069,0.49971227878120317,-0.08870060378666622,-0.003664651724687218,-0.08882578765812266,0.0,0.0,0.0,0.0,0.0,0.0,3.336664062203454e-05,0.0
46,D19Y,10,12,fa_talaris2014,-0.6245188201163501,2.842170943040401e-14,-0.06498798188147248,5.329070518200751e-15,0.15302335736326,0.7788606240404761,0.04247271077079695,0.014049363596697617,-0.05366698483991694,-7.105427357601002e-15,-1.7763568394002505e-15,0.0,0.0,0.0,0.0,0.24523226893217043,-2.7755575615628914e-17
47,D19Y,10,13,fa_talaris2014,-0.6196408520928571,-2.842170943040401e-14,0.07410976571670602,-1.2656542480726785e-14,0.1950205517801109,0.8248460614953501,0.05343879747762692,0.0016230906982492854,-0.08799952752532825,0.0,0.0,3.552713678800501e-15,-2.220446049250313e-16,-3.552713678800501e-15,0.0,0.44139788754895903,-2.7755575615628914e-17
48,D19Y,10,14,fa_talaris2014,1.4871879704446656,-2.842170943040401e-14,1.0639376412601678,4.6629367034256575e-15,-0.01648716334269551,-1.8557963134469446,0.16885209429100279,0.0012221721940726127,0.911988880387196,7.105427357601002e-15,0.0,3.552713678800501e-15,-2.220446049250313e-16,0.0,0.0,1.7609052817872737,1.1102230246251565e-16
49,D19Y,10,15,fa_talaris2014,-0.14864568379880438,-2.842170943040401e-14,0.19066414949942612,2.6645352591003757e-15,0.0406085565913088,0.5281823729607709,0.025127494865982314,0.00216995338057302,0.4383638029195547,0.0,0.0,0.0,2.220446049250313e-16,0.0,0.0,1.076470646418585,0.0
50,D19Y,10,16,fa_talaris2014,-0.35540236281656234,2.842170943040401e-14,-0.03428810549369388,-2.220446049250313e-16,-0.01871620953271247,0.7428137715726848,0.5360914468507225,0.014589627261365479,-0.9326102986685152,0.0,1.7763568394002505e-15,0.0,0.0,0.0,0.0,-0.04752213082616663,-2.7755575615628914e-17
51,D19Y,10,17,fa_talaris2014,-0.4322117381825592,-2.842170943040401e-14,0.24732803873970965,3.9968028886505635e-15,0.20542890337945607,0.5973745498425842,0.032684059140224875,0.0018193552881342612,0.04138894558802875,7.105427357601002e-15,0.0,-3.552713678800501e-15,0.0,0.0,0.0,0.6938121137945643,0.0
52,D19Y,10,18,fa_talaris2014,-0.15390864809410232,0.0,-0.10082431318953411,-3.1086244689504383e-15,-0.011766833768469098,0.2595256401090751,-0.06991142059003685,0.005103595121880744,-0.05568889429097412,0.0,1.7763568394002505e-15,0.0,0.0,-3.552713678800501e-15,0.0,-0.12747087470322072,0.0
53,D19Y,10,19,fa_talaris2014,-0.1489536065013226,-2.842170943040401e-14,-0.42722718685887884,1.199040866595169e-14,0.1847006855153026,0.5784425710704113,0.05220378926292568,0.004717544149357877,0.06116193749122978,0.0,0.0,3.552713678800501e-15,0.0,0.0,0.0,0.3050457341292372,0.0
54,D19Y,10,20,fa_talaris2014,-0.5067397339296349,2.842170943040401e-14,0.017181651822305355,2.220446049250313e-15,0.101796914940401,0.6701465464196303,0.060951838670877834,-0.0011591160521930988,-0.01029913367772739,0.0,-1.7763568394002505e-15,0.0,-2.220446049250313e-16,0.0,0.0,0.33187896819376306,-1.1102230246251565e-16
55,D19Y,10,21,fa_talaris2014,0.3298889410925767,0.0,1.086960513658724,-4.440892098500626e-15,0.03979286004811655,-0.8691979039853663,0.019258001752874065,-0.00486126177962376,0.8726072381225407,0.0,1.7763568394002505e-15,0.0,0.0,-3.552713678800501e-15,0.0,1.4744483889104743,-1.3877787807814457e-17
56,D19Y,10,22,fa_talaris2014,-0.2701721952395246,0.0,0.09237535571737965,6.8833827526759706e-15,0.10890792947563455,0.5386941974461479,0.046931013533228594,-0.011207868141589472,-0.09149469342507865,7.105427357601002e-15,0.0,0.0,0.0,3.552713678800501e-15,0.0,0.4140337393648963,5.551115123125783e-17
57,D19Y,10,23,fa_talaris2014,-0.3670709761604485,0.0,0.2056571505635887,0.0,0.06206175526403257,0.6809822322808827,0.07665134829615639,0.0018170496709366546,0.0018584695957146735,0.0,1.7763568394002505e-15,0.0,-2.220446049250313e-16,3.552713678800501e-15,0.0,0.6619570295107735,-1.1102230246251565e-16
58,D19Y,10,24,fa_talaris2014,-0.7204031154511767,0.0,0.04450647057583268,5.995204332975845e-15,0.03258016822175591,0.41732739751734016,0.026400711733300497,-0.002880663148776108,-0.07306684433634913,0.0,1.7763568394002505e-15,-3.552713678800501e-15,0.0,-3.552713678800501e-15,0.0,-0.2755358748889307,5.551115123125783e-17
59,D19Y,10,25,fa_talaris2014,-0.48992493087644107,-2.842170943040401e-14,0.008696702100863263,-8.881784197001252e-16,0.15428358484345495,0.6901377806655091,-0.05446718242804316,0.006537818065311285,-0.10597290239104673,0.0,0.0,3.552713678800501e-15,2.220446049250313e-16,0.0,0.0,0.20929086998029334,-5.551115123125783e-17
60,D19Y,10,26,fa_talaris2014,-1.0321322560430417,0.0,0.17018399065602097,2.220446049250313e-16,0.06956498919833365,1.054777435777737,0.02164864219258078,0.007083555069677061,-0.16225591714027932,-7.105427357601002e-15,0.0,3.552713678800501e-15,2.220446049250313e-16,0.0,0.0,0.12887043970968648,2.7755575615628914e-17
61,D19Y,10,27,fa_talaris2014,1.389276190867463,0.0,1.4195406617268702,-1.5543122344752192e-15,0.015453740206943678,-1.6746030361380235,0.021811588115118852,-0.008770536882323654,0.370005227891645,0.0,0.0,0.0,0.0,0.0,0.0,1.5327138357883712,0.0
62,D19Y,10,28,fa_talaris2014,0.7826854269377463,0.0,-0.14096025384228028,1.0436096431476471e-14,0.012771261440619242,-1.0917495750149442,0.00513911779117926,-0.006775946915226427,0.04726080235460106,0.0,-1.7763568394002505e-15,3.552713678800501e-15,2.220446049250313e-16,0.0,0.0,-0.39162916724799857,0.0
63,D19Y,10,29,fa_talaris2014,-0.176292933157697,-2.842170943040401e-14,0.10376240271823178,-5.551115123125783e-15,-0.02352991730226961,0.4683567459218807,0.011956154866782143,0.001527746877492575,0.12019705992548513,0.0,0.0,0.0,2.220446049250313e-16,0.0,0.0,0.5059772598513064,0.0
64,D19Y,10,30,fa_talaris2014,-0.15619606884786208,0.0,0.007430881319208993,-9.103828801926284e-15,0.038500675729920886,0.374491967563074,0.004030078660889558,0.005363195970790713,-0.01833664105776034,3.552713678800501e-15,0.0,-3.552713678800501e-15,0.0,0.0,0.0,0.25528408933837454,0.0
65,D19Y,10,31,fa_talaris2014,-0.3758383249266899,0.0,-0.02780287167279738,6.661338147750939e-16,0.13881078455075624,0.6652424925764535,0.0625585777203046,-0.005011398333529371,0.04961373527567359,0.0,0.0,-3.552713678800501e-15,0.0,3.552713678800501e-15,0.0,0.5075729951910546,0.0
66,D19Y,10,32,fa_talaris2014,-0.7414396247852437,2.842170943040401e-14,-0.014940921384969386,-5.329070518200751e-15,0.06285307138412577,0.9077405732160173,0.09148885329489964,0.0005482783289352255,-0.03441849606863823,0.0,1.7763568394002505e-15,3.552713678800501e-15,0.0,0.0,0.0,0.2718317339856071,-2.7755575615628914e-17
67,D19Y,10,33,fa_talaris2014,0.601118639424385,0.0,0.9744727756255642,3.774758283725532e-15,-0.17051562292874678,-0.5606650608228847,-0.012808012814707226,-0.008927712521551001,0.5699046813860082,-7.105427357601002e-15,0.0,0.0,2.220446049250313e-16,-3.552713678800501e-15,0.0,1.3925796873483307,0.0
68,D19Y,10,34,fa_talaris2014,-1.1372720217531196,0.0,-0.6708767802657007,-7.993605777301127e-15,0.08868046858447087,1.4184647872852452,0.01624366365092378,0.0004304947521340807,-0.6274693961565783,7.105427357601002e-15,0.0,0.0,0.0,0.0,0.0,-0.911798783902384,0.0
69,D19Y,10,35,fa_talaris2014,-0.40120647852052116,0.0,-0.03249286274017038,-3.552713678800501e-15,0.05189795886344939,0.5509763821143565,0.01638984497100715,-0.004773516824059243,-0.03539500916514182,-7.105427357601002e-15,1.7763568394002505e-15,-3.552713678800501e-15,2.220446049250313e-16,0.0,0.0,0.14539631869942582,0.0
70,D19Y,15,1,fa_talaris2014,1.638148306826679,0.0,1.3832224726240767,1.7763568394002505e-15,-0.24728223545510275,-2.0964512989816626,-0.07664898385934471,-0.013565745005987395,0.8223407277500971,0.0,0.0,3.552713678800501e-15,0.0,-3.552713678800501e-15,0.0,1.4097632438999312,-5.551115123125783e-17
71,D19Y,15,2,fa_talaris2014,0.10154788070713039,0.0,0.5145367601017412,3.774758283725532e-15,0.09770148925422717,-0.3404382561621446,-0.015879854064706933,0.009849891277312395,-0.09100176842553953,0.0,0.0,3.552713678800501e-15,2.220446049250313e-16,0.0,0.0,0.276316142687989,-5.551115123125783e-17
72,D19Y,15,3,fa_talaris2014,0.5861383772720501,-2.842170943040401e-14,-0.4902869382217574,-3.552713678800501e-15,-0.06829280405576554,0.4136510086463545,-0.5792015939985955,0.002085642002128907,-0.03161596322926741,0.0,0.0,0.0,0.0,0.0,0.0,-0.1675222715847724,1.1102230246251565e-16
73,D19Y,15,4,fa_talaris2014,-0.49540263765754844,0.0,-0.14993428574080525,-5.329070518200751e-15,0.06411534308632838,0.6804083958314209,0.06705270764161142,0.0026113074644129597,0.0036476585156952623,7.105427357601002e-15,0.0,0.0,0.0,3.552713678800501e-15,0.0,0.17249848914227073,0.0
74,D19Y,15,5,fa_talaris2014,-0.58395870884749,0.0,-0.09469884115065241,2.220446049250313e-15,-0.06418541444434567,0.8227082720011936,-0.02424955350368485,0.0027137043497980073,-0.14222237772736257,7.105427357601002e-15,0.0,-3.552713678800501e-15,0.0,0.0,0.0,-0.08389291932212473,2.7755575615628914e-17
75,D19Y,15,6,fa_talaris2014,-0.09132818727039194,0.0,-0.20841581719929536,-9.325873406851315e-15,0.2001266845281151,0.24618707151961416,0.01732725039740224,0.002279809546365641,0.06243018322334981,7.105427357601002e-15,-1.7763568394002505e-15,0.0,0.0,-3.552713678800501e-15,0.0,0.2286069947446947,0.0
76,D19Y,15,7,fa_talaris2014,1.1527950119300385,0.0,0.9624901000208084,1.9984014443252818e-15,-0.06850397237038663,-1.5598444497181845,-0.00621596487959053,-0.005861130050554664,0.6693062172093303,-7.105427357601002e-15,0.0,0.0,2.220446049250313e-16,0.0,0.0,1.1441658121418925,0.0
77,D19Y,15,8,fa_talaris2014,-0.5243414868747323,2.842170943040401e-14,-0.22412693957813445,-3.1086244689504383e-15,0.1449716217468051,0.691962767817472,0.10569751141122374,0.009705604617636254,-0.23648432824837595,-7.105427357601002e-15,0.0,0.0,0.0,0.0,0.0,-0.03261524910814728,5.551115123125783e-17
78,D19Y,15,9,fa_talaris2014,-1.7800037892371847,0.0,-2.104447645237734,1.5543122344752192e-15,0.06281917287977024,1.965320846149666,0.12515904686115675,-0.00016740399151515817,-0.49629406399219445,0.0,1.7763568394002505e-15,3.552713678800501e-15,-2.220446049250313e-16,0.0,0.0,-2.2276138365678833,-1.3877787807814457e-17
79,D19Y,15,10,fa_talaris2014,-0.11969856505686494,-2.842170943040401e-14,-0.1140408637192678,8.215650382226158e-15,-0.05208402583195948,0.2388692427598471,0.002125667040111523,0.0022645348338450333,-0.036860941122026425,0.0,0.0,-3.552713678800501e-15,2.220446049250313e-16,-3.552713678800501e-15,0.0,-0.0794249510958025,0.0
80,D19Y,15,11,fa_talaris2014,-0.3930800462470643,0.0,0.025992482574878295,7.549516567451064e-15,0.10527464044388779,0.7210501611174323,0.046771582116587496,0.0024393544395380218,-0.10940995262372777,0.0,0.0,-3.552713678800501e-15,0.0,0.0,0.0,0.3990382218225079,-5.551115123125783e-17
81,D19Y,15,12,fa_talaris2014,-1.274016710759156,-2.842170943040401e-14,-1.7041917096794847,-7.993605777301127e-15,-0.040612537264834714,2.0406932968815,-0.10625166358088123,9.514699781121294e-05,-0.5860796902682095,7.105427357601002e-15,0.0,0.0,2.220446049250313e-16,0.0,0.0,-1.670363867672961,0.0
82,D19Y,15,13,fa_talaris2014,-0.22072933330730393,0.0,0.04464330341316014,-1.7763568394002505e-15,0.11281760537261931,0.598650234689103,0.03607061444404458,-0.004735454431180841,-0.059732270342248484,-7.105427357601002e-15,0.0,0.0,-2.220446049250313e-16,0.0,0.0,0.506984699838938,0.0
83,D19Y,15,14,fa_talaris2014,-0.13941841871326233,-2.842170943040401e-14,-0.13379774272681288,1.3322676295501878e-15,0.0015272696411443576,0.16557230757382513,-0.0003130215075817233,0.0016339915788030623,-0.0946265545638676,0.0,0.0,-3.552713678800501e-15,-2.220446049250313e-16,-1.7763568394002505e-15,0.0,-0.19942216871834262,0.0
84,D19Y,15,15,fa_talaris2014,-0.5638921661856102,0.0,-0.042609378862302094,1.5543122344752192e-15,0.14974242676687766,0.6719809027126189,0.03723340451359114,0.0026337355275529717,-0.09164689170538942,0.0,-1.7763568394002505e-15,3.552713678800501e-15,2.220446049250313e-16,0.0,0.0,0.1634420327676196,-1.1102230246251565e-16
85,D19Y,15,16,fa_talaris2014,0.7962990526208387,2.842170943040401e-14,0.853295326234722,5.329070518200751e-15,-0.03260057046612985,-1.082567090899886,0.005254490991504213,-0.005583039952661295,0.8367292121735845,0.0,0.0,3.552713678800501e-15,0.0,0.0,0.0,1.3708273807012574,-1.3877787807814457e-17
86,D19Y,15,17,fa_talaris2014,-0.5566328405456034,0.0,-0.3616704681318126,-7.771561172376096e-15,0.09553798176433759,0.5282559655735781,0.007353528727776393,0.0013515186689367908,-0.07333014135587668,0.0,1.7763568394002505e-15,3.552713678800501e-15,-2.220446049250313e-16,-3.552713678800501e-15,0.0,-0.3591344552982889,0.0
87,D19Y,15,18,fa_talaris2014,-0.2853173471703485,-2.842170943040401e-14,0.3689161110711723,2.4424906541753444e-15,-0.020948179007575618,0.5986236617656004,0.43221243396530085,-0.005103551280857488,-0.2738301633607323,-7.105427357601002e-15,1.7763568394002505e-15,0.0,2.220446049250313e-16,0.0,0.0,0.8145529659837507,-5.551115123125783e-17
88,D19Y,15,19,fa_talaris2014,-0.026699061508679733,-2.842170943040401e-14,0.049268301627833466,-1.2212453270876722e-14,0.0881959840686477,0.26387754950638964,-0.012220424847402711,-0.00261177559476522,-0.08758043597492904,0.0,0.0,0.0,0.0,0.0,0.0,0.2722301372774609,-2.7755575615628914e-17
89,D19Y,15,20,fa_talaris2014,-0.04496122417060633,-2.842170943040401e-14,0.1083744097606143,5.10702591327572e-15,-0.013191078210148532,0.15632529685387908,-0.0005222350149605148,-0.00013211583231154123,-0.00881236672355623,0.0,0.0,0.0,0.0,0.0,0.0,0.1970806866633268,0.0
90,D19Y,15,21,fa_talaris2014,-0.16422272673980842,-2.842170943040401e-14,0.08904626590339149,-1.5543122344752192e-15,0.018181310111117455,0.42492556055390196,-0.0038489554993841324,0.0010862932121007418,0.009222602330098972,7.105427357601002e-15,0.0,-3.552713678800501e-15,0.0,0.0,0.0,0.3743903498721295,0.0
91,D19Y,15,22,fa_talaris2014,0.6259745730012582,0.0,-0.5230679404562366,-1.3322676295501878e-15,-0.07740769106533918,-0.699135716737544,-0.015075803641250829,-0.0017797192582271748,0.09043087793978888,-3.552713678800501e-15,0.0,0.0,2.220446049250313e-16,0.0,0.0,-0.6000614202164058,1.1102230246251565e-16
92,D19Y,15,23,fa_talaris2014,-0.5321027462230177,2.842170943040401e-14,-0.14883266370633663,5.773159728050814e-15,-0.08790278674238294,0.7190575992693766,0.02831063360806496,0.0023791571953708512,-0.13614381777364937,7.105427357601002e-15,1.7763568394002505e-15,-3.552713678800501e-15,0.0,-3.552713678800501e-15,0.0,-0.15523462437190005,-2.7755575615628914e-17
93,D19Y,15,24,fa_talaris2014,-0.0688842046370155,0.0,0.046332965897192935,-1.5543122344752192e-15,0.04663131923615538,0.20750471870178444,0.0062896249523607395,0.0007514062019957635,-0.006261678617755173,-3.552713678800501e-15,1.7763568394002505e-15,0.0,2.220446049250313e-16,3.552713678800501e-15,0.0,0.23236415173442992,-5.551115123125783e-17
94,D19Y,15,25,fa_talaris2014,0.014218356360288453,0.0,0.16891450485604764,1.1102230246251565e-15,0.03910805243004489,0.1701634393238578,0.013944890282068911,-0.0031991081812279276,-0.011626898664772511,-7.105427357601002e-15,-1.7763568394002505e-15,0.0,0.0,3.552713678800501e-15,0.0,0.3915232364061296,-2.7755575615628914e-17
95,D19Y,15,26,fa_talaris2014,0.448470654526659,0.0,-0.5281043972328376,-1.1546319456101628e-14,0.0651352067651132,-0.6089156130300921,-0.09249573733954719,0.000330846093991255,-0.011452042023012865,0.0,0.0,3.552713678800501e-15,0.0,0.0,0.0,-0.727031082238085,2.7755575615628914e-17
96,D19Y,15,27,fa_talaris2014,-0.15792978889078313,0.0,0.11030028585854978,1.1102230246251565e-14,0.13810255969819707,0.5388560879142119,0.05838670928055478,0.0017743868196298251,-0.05093581045555862,0.0,-1.7763568394002505e-15,0.0,0.0,0.0,0.0,0.6385544302256392,1.1102230246251565e-16
97,D19Y,15,28,fa_talaris2014,-0.8679989375356172,0.0,-0.05331117367979488,-1.7763568394002505e-15,0.21504818950808158,0.9907954137012212,0.028599067460564953,-0.0021840651087821072,-0.04038101944744632,7.105427357601002e-15,-1.7763568394002505e-15,3.552713678800501e-15,-2.220446049250313e-16,3.552713678800501e-15,0.0,0.27056747489660893,-1.1102230246251565e-16
98,D19Y,15,29,fa_talaris2014,0.9474784617352725,0.0,0.3171224860932327,-2.220446049250313e-15,0.1442005569714908,-1.123022607957978,-0.02162062651226293,-0.004771463682629928,0.2697855640864679,0.0,0.0,0.0,2.220446049250313e-16,3.552713678800501e-15,0.0,0.529172370733562,-1.1102230246251565e-16
99,D19Y,15,30,fa_talaris2014,-0.011283285179956692,0.0,0.1443146856090891,6.661338147750939e-16,-0.01958806929012269,-0.028038193946542833,0.02224575654222427,-0.0033622863645028644,0.10048328309584953,7.105427357601002e-15,0.0,0.0,0.0,0.0,0.0,0.2047718904671001,0.0
100,D19Y,15,31,fa_talaris2014,-0.5692953644376075,2.842170943040401e-14,-0.19162998478859095,2.220446049250313e-16,0.1144707680877417,0.8028826743705508,0.062017064532259525,-0.01272319828203905,0.5244494598635772,0.0,0.0,3.552713678800501e-15,0.0,0.0,0.0,0.7301714193458793,-2.7755575615628914e-17
101,D19Y,15,32,fa_talaris2014,-0.49644442393389454,0.0,0.00010740144197285417,4.440892098500626e-16,0.15135562858112195,0.6339798046614646,0.008156671161428264,0.002391070767867376,-0.04867772727440389,-7.105427357601002e-15,0.0,0.0,0.0,-3.552713678800501e-15,0.0,0.250868425405514,5.551115123125783e-17
102,D19Y,15,33,fa_talaris2014,-0.33330837529433666,0.0,0.04309280229664836,2.4424906541753444e-15,0.1614806190559932,0.3196782269449727,0.029471323546735206,0.001303821232372826,-0.01915582067770938,0.0,1.7763568394002505e-15,3.552713678800501e-15,0.0,0.0,0.0,0.2025625971041336,5.551115123125783e-17
103,D19Y,15,34,fa_talaris2014,1.6466501368512354,0.0,-1.7383908261920595,7.771561172376096e-15,-0.04462718081828143,0.5147938840901816,-0.9492396103252911,0.0005035976333047643,-0.29914107031393833,7.105427357601002e-15,0.0,0.0,0.0,0.0,0.0,-0.8694510690731363,0.0
104,D19Y,15,35,fa_talaris2014,-0.4780983869818556,2.842170943040401e-14,-0.05033924403382173,7.105427357601002e-15,0.19488231695234504,0.7434848910897927,0.07649452621134145,-0.003854049336222687,-0.011384362912487234,0.0,1.7763568394002505e-15,3.552713678800501e-15,0.0,-3.552713678800501e-15,0.0,0.47118569098975627,-1.3877787807814457e-17
105,D19Y,20,1,fa_talaris2014,0.6307177896845815,-2.842170943040401e-14,-0.06806320677588218,8.881784197001252e-16,-0.13917896715150135,0.6784849071718781,0.043352177631625466,-0.007935266069726055,0.6303235236154947,7.105427357601002e-15,1.7763568394002505e-15,0.0,0.0,0.0,0.0,1.7677009581065306,-1.3877787807814457e-17
106,D19Y,20,2,fa_talaris2014,-0.2634514018793652,0.0,0.1254893706672604,4.6629367034256575e-15,-0.023651302177555067,0.38004132142725666,0.0426796492204069,0.002376463412012697,-0.027246603273114012,0.0,0.0,-3.552713678800501e-15,0.0,0.0,0.0,0.2362374973972976,0.0
107,D19Y,20,3,fa_talaris2014,0.5783248527679916,0.0,0.14825559289609913,4.440892098500626e-16,-0.06715011141117344,-0.7751610962012023,0.049111519371931145,-0.0037859349261530895,0.17492662217548904,0.0,0.0,-3.552713678800501e-15,0.0,0.0,0.0,0.10452144467350877,0.0
108,D19Y,20,4,fa_talaris2014,-0.029008551727997656,2.842170943040401e-14,0.046871478290881896,5.329070518200751e-15,0.02489644515955547,0.1297638688143934,0.03750896832313977,-0.0013805994423279344,-0.06362158320232592,0.0,1.7763568394002505e-15,-3.552713678800501e-15,-2.220446049250313e-16,0.0,0.0,0.14503002621717087,1.1102230246251565e-16
109,D19Y,20,5,fa_talaris2014,0.07895108503169013,-2.842170943040401e-14,0.08685315276281358,-2.6645352591003757e-15,0.09215853441504152,-0.06600428553667825,0.003793029285374061,-0.005181176394486897,0.08645523644804687,7.105427357601002e-15,0.0,0.0,2.220446049250313e-16,0.0,0.0,0.27702557601111266,-1.3877787807814457e-17
110,D19Y,20,6,fa_talaris2014,0.867124655203952,0.0,-0.5885976664008794,-1.1102230246251565e-15,0.0027210553757726075,-1.132150306116614,0.015549244774922144,-0.007609750496488488,0.05362027929788127,0.0,0.0,3.552713678800501e-15,0.0,0.0,0.0,-0.7893424883608304,-1.1102230246251565e-16
111,D19Y,20,7,fa_talaris2014,0.18340205864762993,2.842170943040401e-14,0.16843500214293528,9.769962616701378e-15,-0.06917105378897048,-0.14464878393999925,-0.06654860419508779,-0.0023670654018488335,0.10510863563123607,0.0,0.0,0.0,0.0,3.552713678800501e-15,0.0,0.1742101890946799,-5.551115123125783e-17
112,D19Y,20,8,fa_talaris2014,0.06578275837887304,0.0,0.08123699993414135,2.6645352591003757e-15,0.00945019845929096,0.14474983579640366,0.001954184756449706,-0.003050294497384698,-0.11442763435253145,0.0,-1.7763568394002505e-15,0.0,2.220446049250313e-16,-3.552713678800501e-15,0.0,0.18569604847485266,-5.551115123125783e-17
113,D19Y,20,9,fa_talaris2014,-0.1905898542996738,0.0,0.32389745337864184,-6.217248937900877e-15,-0.036254639556482005,0.005675073364557193,-0.03735628388970014,-0.01709610155391772,0.17441373723882592,7.105427357601002e-15,-1.7763568394002505e-15,0.0,2.220446049250313e-16,0.0,0.0,0.22268938468278066,-1.3877787807814457e-17
114,D19Y,20,10,fa_talaris2014,-0.1484629726149933,2.842170943040401e-14,0.07530587246552045,2.886579864025407e-15,0.009772325452125585,0.16944921464812523,0.00784825666652722,0.003246660168471749,0.0021705168264700703,0.0,1.7763568394002505e-15,-3.552713678800501e-15,0.0,-3.552713678800501e-15,0.0,0.11932987361203118,0.0
115,D19Y,20,11,fa_talaris2014,-0.9771056745169062,-2.842170943040401e-14,-0.7094039957142684,-5.10702591327572e-15,0.15555561786067784,1.626013638443908,0.014121150840093577,0.002121963019895645,-0.28474546049573046,0.0,0.0,-3.552713678800501e-15,2.220446049250313e-16,0.0,0.0,-0.17344276056334706,1.1102230246251565e-16
116,D19Y,20,12,fa_talaris2014,-0.28615535496430766,0.0,0.16929101771454214,0.0,0.21391133743073,0.3641543183639442,0.05234548251384474,0.0014150047663044063,0.020193580580152748,7.105427357601002e-15,1.7763568394002505e-15,0.0,0.0,0.0,0.0,0.5351553864040284,1.1102230246251565e-16
117,D19Y,20,13,fa_talaris2014,-0.4987725586382794,0.0,-0.06058872893741807,-8.659739592076221e-15,0.15396854784037828,0.8051729187830574,0.01856396679094452,-0.0013837586123557344,-0.15275299259444353,-7.105427357601002e-15,0.0,3.552713678800501e-15,-2.220446049250313e-16,0.0,0.0,0.26420739463179643,0.0
118,D19Y,20,14,fa_talaris2014,-0.18546737024348658,2.842170943040401e-14,-0.12949740409541022,-6.8833827526759706e-15,0.469801748751685,-0.08276091835472243,-0.0018096502680897686,0.0071998530658135,0.06917128480014423,0.0,0.0,-3.552713678800501e-15,2.220446049250313e-16,-3.552713678800501e-15,0.0,0.14663754365662385,0.0
119,D19Y,20,15,fa_talaris2014,-0.03307165737476225,-2.842170943040401e-14,0.030937693928706267,8.881784197001252e-16,-0.004703006384914943,0.034774930854382546,-0.0026507410527472075,0.0008916846858078031,-0.0029485781581253256,0.0,0.0,-3.552713678800501e-15,0.0,1.7763568394002505e-15,0.0,0.023230326500282672,-2.7755575615628914e-17
120,D19Y,20,16,fa_talaris2014,1.0174813429453025,2.842170943040401e-14,0.6758244222459311,-8.215650382226158e-15,0.006701498921785287,-1.2606375021826466,-0.015069614617635452,-0.006171591182972946,0.652070537328199,0.0,0.0,-3.552713678800501e-15,2.220446049250313e-16,0.0,0.0,1.0701990934576884,0.0
121,D19Y,20,17,fa_talaris2014,-0.8810566862789528,2.842170943040401e-14,-0.20187704383961602,6.217248937900877e-15,-0.044038538873842015,1.180022006644549,0.0549403465246705,-0.004648849501791119,-0.21223387069924637,3.552713678800501e-15,0.0,0.0,2.220446049250313e-16,-3.552713678800501e-15,0.0,-0.108892636022631,0.0
122,D19Y,20,18,fa_talaris2014,-0.3613913809999758,2.842170943040401e-14,0.12719321146069973,-7.771561172376096e-15,0.006013528010839764,0.489698106328035,0.03401155401446054,0.0013036403198682933,-0.05093219240047464,0.0,0.0,0.0,2.220446049250313e-16,3.552713678800501e-15,0.0,0.2458964667335124,0.0
123,D19Y,20,19,fa_talaris2014,0.9402672257103859,2.842170943040401e-14,0.777452754800052,3.1086244689504383e-15,-0.03643063827463067,-0.6020606691854482,0.3551616820838568,-0.01781891864615659,0.09770782689128676,-7.105427357601002e-15,1.7763568394002505e-15,0.0,-2.220446049250313e-16,0.0,0.0,1.5142792633795068,0.0
124,D19Y,20,20,fa_talaris2014,-0.2444363343090572,0.0,0.21268693973451747,0.0,-0.03450229313701669,0.4353605331837116,-0.002413652889906359,0.0015688106293829662,-0.0903507221046489,-7.105427357601002e-15,-1.7763568394002505e-15,3.552713678800501e-15,-2.220446049250313e-16,0.0,0.0,0.2779132811073737,-2.220446049250313e-16
125,D19Y,20,21,fa_talaris2014,-0.7485680684336558,2.842170943040401e-14,0.2116108269622785,-8.881784197001252e-16,0.07608159561051764,1.0636632748131092,-0.025270919326874974,0.00339075285418744,-0.036974892837352336,7.105427357601002e-15,0.0,-3.552713678800501e-15,0.0,0.0,0.0,0.5439325696423509,-5.551115123125783e-17
126,D19Y,20,22,fa_talaris2014,0.23906613139934052,0.0,-0.4943228420263779,5.995204332975845e-15,0.08602356934333955,0.18695085998757577,-0.38184937021881993,-0.02396965767504966,-0.08139411578283884,3.552713678800501e-15,0.0,0.0,0.0,0.0,0.0,-0.46949542497389984,-5.551115123125783e-17
127,D19Y,20,23,fa_talaris2014,-0.10839798274309942,2.842170943040401e-14,0.03454925495960026,-6.8833827526759706e-15,0.04104434666474788,0.42543676249493956,0.03417542017611197,-0.0062284296761738744,0.04350562330826602,0.0,0.0,0.0,0.0,0.0,0.0,0.4640849951838959,-5.551115123125783e-17
128,D19Y,20,24,fa_talaris2014,0.044934135140465514,-2.842170943040401e-14,0.04860758872889903,-2.4424906541753444e-15,0.11254498738600205,-0.004985765864319092,0.006367257545623062,-0.006878526423435005,0.03142325421593206,3.552713678800501e-15,1.7763568394002505e-15,0.0,0.0,0.0,0.0,0.2320129307291836,0.0
129,D19Y,20,25,fa_talaris2014,-0.488556409710327,2.842170943040401e-14,0.06592417402217166,1.532107773982716e-14,0.14411161251625515,0.6867804990508262,0.04574310037595808,0.0012604773539450775,0.042567742908421025,0.0,0.0,3.552713678800501e-15,0.0,0.0,0.0,0.49783119651783636,2.7755575615628914e-17
130,D19Y,20,26,fa_talaris2014,-0.006551410805059277,0.0,0.10473250276591983,1.0436096431476471e-14,0.023417018696484604,0.25030215726616234,-0.011051376406969737,-0.0038559065772822976,-0.016888316678147497,7.105427357601002e-15,-1.7763568394002505e-15,0.0,0.0,0.0,0.0,0.3401046682602953,0.0
131,D19Y,20,27,fa_talaris2014,-0.43637194450275274,2.842170943040401e-14,-0.20609865008118078,-5.551115123125783e-15,0.20237938030443559,0.7082148976441545,0.04254901086971152,0.0019322828048373708,0.06700021427657177,0.0,0.0,0.0,0.0,-3.552713678800501e-15,0.0,0.37960519131650017,0.0
132,D19Y,20,28,fa_talaris2014,-0.4079173833167715,2.842170943040401e-14,-0.06925539482101328,6.8833827526759706e-15,0.09608251786789879,0.7239658410671268,0.03744003717602773,-0.0003276853374849509,-0.0793800397514497,0.0,0.0,0.0,0.0,-3.552713678800501e-15,0.0,0.3006078928839315,5.551115123125783e-17
133,D19Y,20,29,fa_talaris2014,-0.6559289978918059,-2.842170943040401e-14,-0.18681168448513574,6.661338147750939e-16,0.045059769444428355,0.9717677110629666,0.00970602159244116,0.0009154133747095727,-0.18175895490311866,0.0,0.0,-3.552713678800501e-15,2.220446049250313e-16,0.0,0.0,0.002949278194279259,-1.1102230246251565e-16
134,D19Y,20,30,fa_talaris2014,-1.7477974773896676,0.0,-1.434508990439035,1.1102230246251565e-15,0.10608773475407673,1.9719131256965738,-0.5217635587320277,-0.00038442655524661973,-0.6613406940418711,-7.105427357601002e-15,1.7763568394002505e-15,0.0,-2.220446049250313e-16,3.552713678800501e-15,0.0,-2.287794286707282,0.0
135,D19Y,20,31,fa_talaris2014,-0.003798430399683639,0.0,0.3254966329993678,1.3322676295501878e-15,-0.036004591750021575,0.22275490653078123,0.013569393349985859,0.00142932646345173,0.04623131895783583,-7.105427357601002e-15,0.0,0.0,2.220446049250313e-16,3.552713678800501e-15,0.0,0.5696785561525815,0.0
136,D19Y,20,32,fa_talaris2014,-0.6194644871693527,0.0,-0.1782577989135561,-8.215650382226158e-15,-0.06425813081671805,0.6408841617069925,0.08349684514034372,0.002340677461727836,0.07572475816546032,0.0,0.0,0.0,0.0,0.0,0.0,-0.059533974425136194,-5.551115123125783e-17
137,D19Y,20,33,fa_talaris2014,-0.1517900300408428,2.842170943040401e-14,-1.4227993192949953,8.43769498715119e-15,0.26122657566443763,0.5866494071195802,0.10863451652772937,0.012977268535070863,-0.42073031741735356,0.0,-1.7763568394002505e-15,0.0,0.0,3.552713678800501e-15,0.0,-1.0258318989062332,0.0
138,D19Y,20,34,fa_talaris2014,-0.5667792037922936,0.0,0.2510715010578579,-8.215650382226158e-15,0.06824124550530541,0.8171536156915522,0.01044647534870613,-0.003422269564609337,-0.12407115449379535,-7.105427357601002e-15,0.0,0.0,2.220446049250313e-16,0.0,0.0,0.45264020975258745,5.551115123125783e-17
139,D19Y,20,35,fa_talaris2014,-0.16528070862614186,-2.842170943040401e-14,-0.14176342178327417,-3.9968028886505635e-15,0.07543003077426391,0.1283737089345891,0.014863685338598387,0.00023070932955349122,0.042831405856023075,0.0,-1.7763568394002505e-15,0.0,0.0,0.0,0.0,-0.045314590175365765,0.0
140,D19Y,25,1,fa_talaris2014,-0.5891263253117813,0.0,-0.32474216558159696,4.884981308350689e-15,-0.037825866085498205,0.5733262686463831,0.0797515977693628,6.37308496749256e-05,0.04526643927185159,7.105427357601002e-15,0.0,3.552713678800501e-15,0.0,0.0,0.0,-0.25328632044147525,2.7755575615628914e-17
141,D19Y,25,2,fa_talaris2014,-1.3266940483055123,-2.842170943040401e-14,-0.15918964314139572,-1.5543122344752192e-15,0.012825212942573216,1.2930364898573998,0.04723406991838708,-0.00023596339632803165,0.002215541715459679,0.0,0.0,0.0,0.0,1.7763568394002505e-15,0.0,-0.13080834040931677,0.0
142,D19Y,25,3,fa_talaris2014,-0.4743045936152157,2.842170943040401e-14,0.05613995485273904,2.020605904817785e-14,0.10158929555162644,0.47884410204773076,0.045145533916508995,0.0026597591677344212,0.009417785229311804,-7.105427357601002e-15,0.0,3.552713678800501e-15,0.0,0.0,0.0,0.21949183715048548,0.0
143,D19Y,25,4,fa_talaris2014,-0.24352460954185062,0.0,0.09443811212817366,-6.661338147750939e-16,0.18151558135723178,0.19465634671774978,0.011103971120626,0.002523081831064644,0.30043883596680576,-7.105427357601002e-15,0.0,0.0,-2.220446049250313e-16,0.0,0.0,0.5411513195812745,5.551115123125783e-17
144,D19Y,25,5,fa_talaris2014,-0.08873117351060955,-2.842170943040401e-14,0.1876381457582994,-3.774758283725532e-15,0.016006923200556855,0.14979736924789222,0.0030986970582080886,0.00038389140012995426,-0.1225566577998265,7.105427357601002e-15,-1.7763568394002505e-15,0.0,-2.220446049250313e-16,3.552713678800501e-15,0.0,0.1456371953553628,0.0
145,D19Y,25,6,fa_talaris2014,0.06799152281178067,-2.842170943040401e-14,-0.027982577289726862,-1.5543122344752192e-15,-0.012063221318136641,0.05822238539695945,0.0738223351525118,-0.0109924446113574,0.0030056254574297725,7.105427357601002e-15,0.0,0.0,-2.220446049250313e-16,0.0,0.0,0.152003625600571,-1.1102230246251565e-16
146,D19Y,25,7,fa_talaris2014,-0.10443225545213863,0.0,-0.0024541986799988535,0.0,0.0986831056994859,0.22714279570556073,0.042387470753771694,0.0004056507832288503,-0.007614191587451025,-7.105427357601002e-15,0.0,0.0,2.220446049250313e-16,0.0,0.0,0.25411837722288055,-5.551115123125783e-17
147,D19Y,25,8,fa_talaris2014,0.29919582321838334,0.0,0.3732698763498803,-8.881784197001252e-16,0.003438337148146786,-0.32330259705571507,-0.046492400881534834,-0.00014155887265587808,-0.0744917592647436,7.105427357601002e-15,1.7763568394002505e-15,0.0,0.0,0.0,0.0,0.23147572064141286,5.551115123125783e-17
148,D19Y,25,9,fa_talaris2014,-0.44618728912621464,2.842170943040401e-14,0.8118945630545014,-5.773159728050814e-15,-0.1733906249587065,0.005981779651051511,-0.03721644161147708,-0.02238105296632753,0.5354584220204011,7.105427357601002e-15,1.7763568394002505e-15,0.0,2.220446049250313e-16,-3.552713678800501e-15,0.0,0.6741593560648482,0.0
149,D19Y,25,10,fa_talaris2014,-0.1002878458266423,0.0,-0.04314926675550623,7.105427357601002e-15,0.06067991769629799,0.3659310365333681,0.019274990268758785,-0.0017816143810591711,-0.009454496170668847,0.0,0.0,0.0,0.0,0.0,0.0,0.29121272136370635,0.0
150,D19Y,25,11,fa_talaris2014,-0.6524510998049209,-2.842170943040401e-14,-0.1020055152843895,1.9984014443252818e-15,0.18481959673690085,0.8824640630948011,0.007534169865897056,-0.0027262704234765067,-0.10864278276019412,0.0,0.0,-3.552713678800501e-15,0.0,3.552713678800501e-15,0.0,0.20899216142404953,0.0
151,D19Y,25,12,fa_talaris2014,-0.05972825036667473,-2.842170943040401e-14,0.13953079781133937,8.881784197001252e-16,-0.08485145107085401,0.27148047151246146,-0.0005162703286316628,-0.004745503479906432,-0.004255053946904397,7.105427357601002e-15,0.0,3.552713678800501e-15,2.220446049250313e-16,0.0,0.0,0.2569147401316627,-1.1102230246251565e-16
152,D19Y,25,13,fa_talaris2014,-0.290072777768728,2.842170943040401e-14,-0.0448056398366532,2.220446049250313e-16,-0.07836387855009974,0.26565874585708116,-0.014047038708632442,0.007118638070203076,-0.1253252511272489,0.0,0.0,0.0,2.220446049250313e-16,3.552713678800501e-15,0.0,-0.2798372020637032,-1.3877787807814457e-17
153,D19Y,25,14,fa_talaris2014,0.07747891623739633,0.0,0.108491630097582,-1.5543122344752192e-15,-0.016862711124076668,0.19297439521363913,0.013662680716054254,-0.004430286477635548,0.03678630612874523,0.0,-1.7763568394002505e-15,3.552713678800501e-15,-2.220446049250313e-16,0.0,0.0,0.408100930791619,1.1102230246251565e-16
154,D19Y,25,15,fa_talaris2014,0.03950758418056921,-2.842170943040401e-14,0.17211877671299902,1.7763568394002505e-15,0.030781162109313698,0.16919580837674175,0.05067201725915993,0.0009922100171415593,-0.029131766812756865,0.0,0.0,0.0,0.0,-3.552713678800501e-15,0.0,0.4341357918419817,-2.7755575615628914e-17
155,D19Y,25,16,fa_talaris2014,0.021306193974396592,2.842170943040401e-14,-0.09072218914644026,-3.3306690738754696e-15,-0.1890259568040804,0.14412835846377448,-0.08570485444118958,-0.006116881207702818,-0.0674581515389443,-3.552713678800501e-15,1.7763568394002505e-15,0.0,0.0,0.0,0.0,-0.27359348070143596,0.0
156,D19Y,25,17,fa_talaris2014,-0.10956937844559889,0.0,-0.023523522501236016,-7.327471962526033e-15,0.08172888445160709,0.3215783839320352,0.01804366950912062,-0.0009378506705282064,0.008492283363686681,0.0,-1.7763568394002505e-15,0.0,0.0,3.552713678800501e-15,0.0,0.29581246964076513,0.0
157,D19Y,25,18,fa_talaris2014,-0.1463450405713047,2.842170943040401e-14,-0.00024714900624189795,-1.5543122344752192e-15,0.0655493140187744,0.3588435269796264,0.0770956633664035,0.0006261300581797968,0.03364565138296527,-3.552713678800501e-15,-1.7763568394002505e-15,-3.552713678800501e-15,2.220446049250313e-16,0.0,0.0,0.38916809622799065,0.0
158,D19Y,25,19,fa_talaris2014,1.0137651945699417,0.0,-0.712057094074865,1.7763568394002505e-15,-0.14244704748715975,-1.8148646675144278,-0.2702060044815653,-0.03857308591123143,-0.13907225230057385,0.0,0.0,0.0,2.220446049250313e-16,-3.552713678800501e-15,0.0,-2.103454957199176,1.3877787807814457e-17
159,D19Y,25,20,fa_talaris2014,-0.30482803588154184,0.0,0.060630516084003716,1.9984014443252818e-15,0.10005736363480366,0.4265551845278992,-0.0007917691089218692,-0.0009248669478267857,-0.03519914708189198,0.0,-1.7763568394002505e-15,0.0,0.0,3.552713678800501e-15,0.0,0.24549924522756328,0.0
160,D19Y,25,21,fa_talaris2014,-0.8482711692255407,-2.842170943040401e-14,-0.48072039436870284,6.217248937900877e-15,0.041008690447206675,0.9095249044817137,-0.20853057209692416,-0.004866455027315197,-0.5292274316256123,7.105427357601002e-15,0.0,-3.552713678800501e-15,0.0,-3.552713678800501e-15,0.0,-1.1210824274153595,-1.1102230246251565e-16
161,D19Y,25,22,fa_talaris2014,-0.5443678539874099,-2.842170943040401e-14,-0.17434202470731464,1.9984014443252818e-15,0.10508843693406789,0.8437214129195922,0.005451804108876246,0.00703866331813785,-0.06191051033472483,0.0,0.0,0.0,-2.220446049250313e-16,0.0,0.0,0.18067992825194779,-2.7755575615628914e-17
162,D19Y,25,23,fa_talaris2014,-0.05306113717108474,0.0,0.3140378434806337,7.105427357601002e-15,-0.10867808278226931,0.20255591051966348,0.012830842785236385,-0.0023684827473218206,-0.07850304035594124,0.0,0.0,0.0,0.0,0.0,0.0,0.2868138537296261,0.0
163,D19Y,25,24,fa_talaris2014,-0.6350184100523393,0.0,-0.840865933993129,-1.9984014443252818e-15,0.12004309365972432,0.648411458375449,-0.030178511055126478,-0.000967774389145859,-0.3167349695293815,3.552713678800501e-15,0.0,3.552713678800501e-15,2.220446049250313e-16,0.0,0.0,-1.0553110469838032,0.0
164,D19Y,25,25,fa_talaris2014,1.5374380072050826,2.842170943040401e-14,1.8471788477668696,-2.220446049250313e-15,-0.3334649673604204,-1.5217283755277435,0.0633273333530866,-0.0070344384566531915,1.446424175628613,0.0,0.0,-3.552713678800501e-15,2.220446049250313e-16,0.0,0.0,3.0321405826082923,-1.1102230246251565e-16
165,D19Y,25,26,fa_talaris2014,-0.5536892466527661,0.0,-0.35067618409276946,-5.10702591327572e-15,0.2809541420841981,0.9347343105025061,0.0277498171315802,0.0033472343666041127,-0.07269446735610519,-3.552713678800501e-15,0.0,0.0,0.0,0.0,0.0,0.2697256059821598,0.0
166,D19Y,25,27,fa_talaris2014,-0.6374462701210177,0.0,-0.09291770215737216,5.773159728050814e-15,0.1398642173736846,0.8087804125874527,0.04908570887365471,0.005966839670364266,-0.047329424629674044,0.0,0.0,0.0,2.220446049250313e-16,0.0,0.0,0.22600378159748402,6.938893903907228e-18
167,D19Y,25,28,fa_talaris2014,-0.5259128497342545,0.0,0.005095589328362848,-3.552713678800501e-15,0.09354382148455187,0.6978849707909944,0.03424515963932073,-0.0004226663772541883,-0.07120145653256404,0.0,0.0,3.552713678800501e-15,-2.220446049250313e-16,0.0,0.0,0.2332325685995329,0.0
168,D19Y,25,29,fa_talaris2014,-0.1070415610990949,-2.842170943040401e-14,0.19027521556385096,2.886579864025407e-15,0.03656320864157436,0.19064689507348476,0.005835724867363723,-0.00035587973912853954,-0.025406077101225222,0.0,0.0,-3.552713678800501e-15,-2.220446049250313e-16,3.552713678800501e-15,0.0,0.2905175262058606,0.0
169,D19Y,25,30,fa_talaris2014,0.6599540495135443,0.0,0.5253609630026475,0.0,0.19854558780728127,-1.341816898669947,-0.033020673327447625,0.0004292436017969692,0.5325049719323562,7.105427357601002e-15,1.7763568394002505e-15,0.0,0.0,3.552713678800501e-15,0.0,0.5419572438603666,0.0
170,D19Y,25,31,fa_talaris2014,-0.2977279698670827,0.0,-0.28883685795257463,-4.440892098500626e-16,0.10555608713143982,0.36954758585926584,0.017892349565386212,-0.0021003879347674115,0.08848615972064255,7.105427357601002e-15,0.0,0.0,-2.220446049250313e-16,0.0,0.0,-0.007183033478298739,-3.469446951953614e-17
171,D19Y,25,32,fa_talaris2014,-0.3447525637097897,0.0,0.09766593814845947,7.327471962526033e-15,0.14858106458124354,0.5554206253995062,0.034039825198147966,-0.0005189032969852292,-0.037022686870271215,0.0,1.7763568394002505e-15,-3.552713678800501e-15,-2.220446049250313e-16,0.0,0.0,0.45341329945028974,5.551115123125783e-17
172,D19Y,25,33,fa_talaris2014,-0.15595596494370056,0.0,0.09296589007117717,5.329070518200751e-15,0.03001667175515621,0.16391494548179253,0.018933689011332078,0.002523693127390203,-0.019232183427412508,-7.105427357601002e-15,0.0,-3.552713678800501e-15,0.0,-3.552713678800501e-15,0.0,0.13316674107440463,-5.551115123125783e-17
173,D19Y,25,34,fa_talaris2014,0.4659283853271745,2.842170943040401e-14,1.5658886651931638,1.9984014443252818e-15,-0.023183159599895475,-0.44115455320633146,0.017007762965295825,0.003178238487048901,0.3124745104414153,7.105427357601002e-15,1.7763568394002505e-15,0.0,0.0,3.552713678800501e-15,0.0,1.9001398496089337,-1.1102230246251565e-16
174,D19Y,25,35,fa_talaris2014,0.09539492094245361,2.842170943040401e-14,-0.28785822919132187,-1.0658141036401503e-14,-0.11613801629118825,0.08190036194946515,-0.06522095481888357,-0.0016191097460804826,-0.5611293869053697,7.105427357601002e-15,0.0,0.0,0.0,0.0,0.0,-0.8546704140603936,-5.551115123125783e-17
