,case_name,backrub_steps,struct_num,score_function_name,fa_atr,fa_dun,fa_elec,fa_intra_rep,fa_intra_sol_xover4,fa_rep,fa_sol,hbond_bb_sc,hbond_lr_bb,hbond_sc,hbond_sr_bb,lk_ball_wtd,omega,p_aa_pp,pro_close,rama_prepro,ref,total_score,yhh_planarity
0,D19Y,5,1,fa_ref2015,-0.46638825349612034,0.0,-0.16946122299944477,1.7763568394002505e-15,4.263256414560601e-14,0.05322251780489751,0.7602943499577464,0.08891941474693255,-0.010534908356028438,-0.029599122423539015,7.105427357601002e-15,0.04803567947809384,0.0,-3.552713678800501e-15,0.0,-3.552713678800501e-15,0.0,0.27448845471315053,0.0
1,D19Y,5,2,fa_ref2015,0.005909549371949652,0.0,1.6129713184726029,3.1086244689504383e-15,-2.842170943040401e-14,0.1189277246489695,-0.14344306120199235,0.036707712539993054,-0.01723946199658144,-0.48407339774302116,7.105427357601002e-15,0.04119107784683251,0.0,3.552713678800501e-15,-2.220446049250313e-16,0.0,0.0,1.1709514619389552,0.0
2,D19Y,5,3,fa_ref2015,0.9076019260577368,0.0,-1.5858600571530133,-5.329070518200751e-15,-1.7763568394002505e-14,-0.4024109649265739,-1.201529661728273,-0.03636082384847228,0.010392261202827768,-0.020206460442164342,0.0,-0.014999048903479917,0.0,3.552713678800501e-15,0.0,1.7763568394002505e-15,0.0,-2.3433728297406446,0.0
3,D19Y,5,4,fa_ref2015,-0.7558594877091309,0.0,-0.5143782069483507,-4.440892098500626e-15,2.842170943040401e-14,0.5431771257815114,1.07171415338928,0.2071285124440969,0.01173109542695272,0.06869047066759837,0.0,0.10781825196309569,1.7763568394002505e-15,0.0,0.0,-3.552713678800501e-15,0.0,0.7400219150139264,-5.551115123125783e-17
4,D19Y,5,5,fa_ref2015,-0.826010925889932,0.0,-0.7220871856826534,6.661338147750939e-15,-2.842170943040401e-14,0.5717362744995,1.2734263444783664,0.2216353874237882,0.011388926983251224,0.07317363267451604,0.0,0.14269135271581135,0.0,-3.552713678800501e-15,0.0,3.552713678800501e-15,0.0,0.7459538072002942,2.7755575615628914e-17
5,D19Y,5,6,fa_ref2015,-1.9530546468388366,-2.842170943040401e-14,-3.380390225693958,4.218847493575595e-15,4.263256414560601e-14,-0.04920083656213592,1.7989452101020902,-0.01694682928921054,0.032190376482940763,-1.8551354776961322,7.105427357601002e-15,0.14041277334321123,0.0,3.552713678800501e-15,-2.220446049250313e-16,-3.552713678800501e-15,0.0,-5.283179656153152,1.1102230246251565e-16
6,D19Y,5,7,fa_ref2015,0.05304292252526466,0.0,-1.2164163589247323,-2.886579864025407e-15,-3.552713678800501e-14,-0.06124564524972698,-0.5968345629555643,0.014646311346897534,0.012188577496427655,0.10779832612755591,-7.105427357601002e-15,0.1636973135211761,-1.7763568394002505e-15,3.552713678800501e-15,0.0,0.0,0.0,-1.5231231161124583,-5.551115123125783e-17
7,D19Y,5,8,fa_ref2015,-0.45903561420095684,0.0,1.1228317061606106,1.2656542480726785e-14,1.4210854715202004e-14,0.36016967611847406,-1.2949089285976925,-0.045897088133280306,0.023638606760833625,0.9536786378201789,7.105427357601002e-15,-0.17866229017226587,-1.7763568394002505e-15,-3.552713678800501e-15,2.220446049250313e-16,-3.552713678800501e-15,0.0,0.4818147057545161,0.0
8,D19Y,5,9,fa_ref2015,-0.053520892391020425,-2.842170943040401e-14,0.08222555251828112,4.440892098500626e-15,1.0658141036401503e-14,0.20493471512121175,0.09936981320709037,0.060040422264176385,-0.005082439079057366,-0.021233012178281996,0.0,0.04230964032685591,0.0,3.552713678800501e-15,-2.220446049250313e-16,0.0,0.0,0.40904379978894667,-1.1102230246251565e-16
9,D19Y,5,10,fa_ref2015,-0.1306034719677882,-2.842170943040401e-14,-0.9635048513767117,0.0,0.0,0.33645087367617066,0.8727299337547834,0.02811865147664605,-0.007026019867485189,1.6923513976922289,0.0,-0.059203740224901935,0.0,3.552713678800501e-15,-2.220446049250313e-16,0.0,0.0,1.769312773161971,-1.1102230246251565e-16
10,D19Y,5,11,fa_ref2015,-0.2801577687389454,-2.842170943040401e-14,1.3427394442188643,3.9968028886505635e-15,6.750155989720952e-14,0.5182164779790099,-0.8168486331126701,-0.015381356257545775,0.008943711598085713,0.8898303742064542,-7.105427357601002e-15,0.06271649600413198,0.0,0.0,-2.220446049250313e-16,0.0,0.0,1.7100587459005396,0.0
11,D19Y,5,12,fa_ref2015,-0.6012079163295994,0.0,-1.7945842309453326,-4.440892098500626e-16,-1.4210854715202004e-14,0.551327096084492,0.13259645772245676,-0.03771909377661231,-0.003388308441628851,0.7921229756926467,0.0,-0.16798242516162887,1.7763568394002505e-15,3.552713678800501e-15,0.0,-3.552713678800501e-15,0.0,-1.128835445155687,0.0
12,D19Y,5,13,fa_ref2015,-0.7848240890575653,0.0,-0.4162062552572081,-1.4210854715202004e-14,1.4210854715202004e-14,0.44148643504455265,1.1456497306979827,0.20703619832541165,0.008881098429089462,-0.008175455916818564,0.0,0.07186622990498748,0.0,0.0,0.0,0.0,0.0,0.6657138921700039,-1.1102230246251565e-16
13,D19Y,5,14,fa_ref2015,0.3343241018297931,0.0,0.14647447127791224,-4.884981308350689e-15,2.842170943040401e-14,0.21521877431847258,-1.6153792909925073,-0.0600758187963244,0.003620076722310017,0.8843976083731935,0.0,0.07149883449221406,0.0,-3.552713678800501e-15,2.220446049250313e-16,3.552713678800501e-15,0.0,-0.019921242776320014,0.0
14,D19Y,5,15,fa_ref2015,-0.15304986336889215,0.0,-1.3384078406150195,6.439293542825908e-15,0.0,0.008441315478023625,-0.5364711194001188,-0.05414911100836406,0.02081199136892664,0.0823175891853829,0.0,0.06830814338383107,0.0,-3.552713678800501e-15,0.0,3.552713678800501e-15,0.0,-1.9021988949760953,-2.220446049250313e-16
15,D19Y,5,16,fa_ref2015,0.12008701151205514,0.0,-0.016426680356516954,-6.217248937900877e-15,-2.842170943040401e-14,0.025066665326718862,0.34385670169564264,0.09467646661900986,-0.005331831137443288,0.10309908052537686,0.0,0.007504014781783752,0.0,-3.552713678800501e-15,0.0,0.0,0.0,0.6725314289662947,5.551115123125783e-17
16,D19Y,5,17,fa_ref2015,0.5861842364098493,0.0,1.1685299576386399,-1.4210854715202004e-14,-5.684341886080802e-14,-0.1250257642026611,-1.6202307609003697,0.02227126102634358,-0.003212106062960629,0.7613010480420535,7.105427357601002e-15,-0.011963463489710335,0.0,-3.552713678800501e-15,0.0,-3.552713678800501e-15,0.0,0.7778544084626446,0.0
17,D19Y,5,18,fa_ref2015,0.2731407790375897,2.842170943040401e-14,-0.6735356028657122,5.551115123125783e-15,-7.105427357601002e-15,0.10337978000038106,-0.45874825750053105,-0.17307200206272455,-0.01108706831800177,-0.008522218383552271,0.0,0.10502873034069893,1.7763568394002505e-15,0.0,2.220446049250313e-16,3.552713678800501e-15,0.0,-0.8434158597515875,1.1102230246251565e-16
18,D19Y,5,19,fa_ref2015,0.3467415204262352,0.0,-0.8125712569678569,1.1102230246251565e-15,-7.105427357601002e-14,-0.41018133987978445,-0.8489334607276078,-0.15327680485112083,0.0036527732481523856,-0.14167963122158955,-7.105427357601002e-15,0.004752475861980798,1.7763568394002505e-15,0.0,0.0,-3.552713678800501e-15,0.0,-2.011495724111228,5.551115123125783e-17
19,D19Y,5,20,fa_ref2015,0.5137685829848806,0.0,2.111531536583186,1.1324274851176597e-14,1.4210854715202004e-13,0.3083058860060106,-1.2124391825586827,-0.12146419268990982,-0.00797923580880422,0.9073877929734593,-7.105427357601002e-15,-0.22367858382068917,0.0,0.0,0.0,3.552713678800501e-15,0.0,2.2754326036703674,2.7755575615628914e-17
20,D19Y,5,21,fa_ref2015,0.6187003743049218,2.842170943040401e-14,-0.3789906680824231,6.8833827526759706e-15,6.394884621840902e-14,-0.124665161329375,-1.2551778288637934,-0.014800135113713253,-0.0088284403553196,-0.3691051970113346,0.0,0.7689864766985188,-1.7763568394002505e-15,0.0,0.0,0.0,0.0,-0.7638805797510599,0.0
21,D19Y,5,22,fa_ref2015,-0.28897506822647756,2.842170943040401e-14,-0.03392799473948571,-1.0436096431476471e-14,-4.973799150320701e-14,0.07750296678482016,0.5213774372365378,0.06772387203999841,-0.0015785420726004418,-0.05271040271932037,0.0,-0.04490904136852336,0.0,-3.552713678800501e-15,0.0,3.552713678800501e-15,0.0,0.24450322693337512,-5.551115123125783e-17
22,D19Y,5,23,fa_ref2015,-0.39104794577292523,-2.842170943040401e-14,0.16136726789898148,-4.440892098500626e-15,-9.237055564881302e-14,0.16681649246929453,0.6670523107278541,0.10148946437762163,0.0017436175636973417,0.0687330025766002,0.0,-0.1804413540733698,0.0,3.552713678800501e-15,0.0,0.0,0.0,0.595712855766692,1.1102230246251565e-16
23,D19Y,5,24,fa_ref2015,0.34801596587396944,0.0,-0.2100765615319915,-2.220446049250313e-15,-7.105427357601002e-14,0.06550705984516014,-1.3047201034415252,-0.012273938203708923,7.886428493009134e-05,0.18245022243115727,-7.105427357601002e-15,-0.07406496844903288,0.0,-3.552713678800501e-15,-2.220446049250313e-16,-3.552713678800501e-15,0.0,-1.0050834591908142,0.0
24,D19Y,5,25,fa_ref2015,0.5063422434393487,0.0,1.9671675851857344,-8.881784197001252e-16,-5.684341886080802e-14,0.4894796608341352,-1.3544629402859414,0.07504563517808194,0.0004960551597399387,0.7648055972513763,0.0,0.07022460652585494,0.0,0.0,0.0,-3.552713678800501e-15,0.0,2.5190984432886694,2.7755575615628914e-17
25,D19Y,5,26,fa_ref2015,-0.1909961883637834,2.842170943040401e-14,0.21697977059815798,1.9984014443252818e-15,-7.105427357601002e-14,0.30735616664505017,0.07650181736460127,0.07351554389107307,-0.005243902506528286,0.1312841823436255,0.0,0.27836680897500443,0.0,0.0,0.0,0.0,0.0,0.8877641989456038,0.0
26,D19Y,5,27,fa_ref2015,-0.18305094916172493,2.842170943040401e-14,-3.153734745819861,-3.1086244689504383e-15,-6.039613253960852e-14,-0.1427818609812732,-0.04365060679037924,-0.09517519875021208,0.017942991978717515,-1.455834312798805,-7.105427357601002e-15,1.0078215071542367,0.0,3.552713678800501e-15,2.220446049250313e-16,0.0,0.0,-4.048463175168706,1.1102230246251565e-16
27,D19Y,5,28,fa_ref2015,-0.1357265902470317,0.0,-0.035763489930417336,1.5543122344752192e-15,-1.4210854715202004e-14,-0.0853432210723497,0.3415865209613571,0.0,0.010846048908664585,0.017331781435190763,0.0,-0.08613547817697764,1.7763568394002505e-15,0.0,2.220446049250313e-16,0.0,0.0,0.026795571879063118,-1.1102230246251565e-16
28,D19Y,5,29,fa_ref2015,0.264344465823001,0.0,-1.0013868545280218,-7.993605777301127e-15,-4.263256414560601e-14,0.011265596060908933,-1.2196337493541023,0.09754221365745153,0.012570096573330858,0.7626358921349254,0.0,0.24272495256276727,0.0,0.0,0.0,3.552713678800501e-15,0.0,-0.8299373870707996,5.551115123125783e-17
29,D19Y,5,30,fa_ref2015,0.028381073925629607,2.842170943040401e-14,0.27798634437678515,4.440892098500626e-16,-7.105427357601002e-14,0.2519239838280214,-0.8826447470138419,0.03066256921570698,-0.011225858171648895,-0.2699201028836775,0.0,0.6454844044573029,1.7763568394002505e-15,0.0,-2.220446049250313e-16,0.0,0.0,0.0706476677356136,-5.551115123125783e-17
30,D19Y,5,31,fa_ref2015,0.06412464229890702,0.0,0.8798413987489369,-8.215650382226158e-15,1.4210854715202004e-14,0.29886439162957856,-0.22641359491586854,0.0540159632001469,-0.026668720272382984,1.115295071953648,0.0,-0.3665544943503427,0.0,0.0,0.0,-3.552713678800501e-15,0.0,1.7925046582917616,1.1102230246251565e-16
31,D19Y,5,32,fa_ref2015,0.48382809412566985,0.0,1.590587153700909,-2.220446049250313e-16,6.394884621840902e-14,0.03604794185272908,-1.1893076515159464,-0.01106877274355611,0.0010614667461936733,0.7832744710989825,-7.105427357601002e-15,-0.025254851757331664,-1.7763568394002505e-15,0.0,2.220446049250313e-16,0.0,0.0,1.6691678515075523,0.0
32,D19Y,5,33,fa_ref2015,0.41118805241103473,0.0,0.8882703381026431,-8.659739592076221e-15,4.263256414560601e-14,0.28600943509215426,-2.1612555124427217,0.04693925952451039,-0.011612895086756225,1.858260389603462,0.0,-0.0392064172926645,1.7763568394002505e-15,0.0,-2.220446049250313e-16,0.0,0.0,1.278592649910479,0.0
33,D19Y,5,34,fa_ref2015,0.3205223636634855,2.842170943040401e-14,1.0418117310354376,4.6629367034256575e-15,6.394884621840902e-14,0.04458125091424847,-1.4721377185460938,-0.04203053919883715,-0.01704317166580438,0.9340520072319727,0.0,0.12267775102328216,1.7763568394002505e-15,3.552713678800501e-15,2.220446049250313e-16,0.0,0.0,0.9324336744567177,-2.7755575615628914e-17
34,D19Y,5,35,fa_ref2015,0.7618509140495462,0.0,1.5016060210473086,-1.3322676295501878e-15,-1.4210854715202004e-14,-0.0003930055494407725,-1.3538344849359873,0.0026697780832272144,-0.015000213717186739,1.0744672109121485,7.105427357601002e-15,-0.15158720150934357,1.7763568394002505e-15,0.0,0.0,3.552713678800501e-15,0.0,1.819779018379677,0.0
35,D19Y,10,1,fa_ref2015,-0.5260984059998464,0.0,-0.1709468356388868,-1.1102230246251565e-15,1.4210854715202004e-14,0.37269036375847975,0.8785924639374798,0.3534376628423388,0.00802748380408147,0.18056816628740613,7.105427357601002e-15,0.3016531150293247,0.0,0.0,0.0,0.0,0.0,1.397924014020873,-5.551115123125783e-17
36,D19Y,10,2,fa_ref2015,0.4645196775907152,2.842170943040401e-14,-0.05871844661933778,6.217248937900877e-15,0.0,-0.0460577987900308,-0.9909582500713441,0.00012444815385848074,0.007411113130189051,0.23137603532772655,0.0,-0.10833112331398098,0.0,3.552713678800501e-15,2.220446049250313e-16,-3.552713678800501e-15,0.0,-0.5006343445920152,-2.7755575615628914e-17
37,D19Y,10,3,fa_ref2015,-0.5420554677506288,-2.842170943040401e-14,-0.06318799309147494,3.774758283725532e-15,-3.552713678800501e-15,-0.10963005090255251,0.5654969028627193,0.04761649695424808,0.00606492554916116,0.1378414810573716,-7.105427357601002e-15,0.004806973201201714,-1.7763568394002505e-15,0.0,-2.220446049250313e-16,-3.552713678800501e-15,0.0,0.04695326787907561,0.0
38,D19Y,10,4,fa_ref2015,-0.15670604876231664,2.842170943040401e-14,0.18667408038635358,-4.218847493575595e-15,5.3290705182007514e-14,0.2514882084020229,0.33684593119926376,0.07680761528794378,-0.007157154799269705,0.13076180429071904,-7.105427357601002e-15,-0.15536114598206652,0.0,0.0,2.220446049250313e-16,0.0,0.0,0.6633532900228261,5.551115123125783e-17
39,D19Y,10,5,fa_ref2015,-0.08980212868868875,2.842170943040401e-14,0.4096759130853229,-1.0658141036401503e-14,2.842170943040401e-14,0.1094640159174105,0.5414308479822125,0.22212882362723363,-0.015184530544193109,0.05481374230928182,0.0,-0.20273684659404978,0.0,0.0,0.0,0.0,0.0,1.02978983709545,-2.7755575615628914e-17
40,D19Y,10,6,fa_ref2015,0.4917113457166806,0.0,0.6676363160150345,3.552713678800501e-15,-1.2789769243681803e-13,0.10784889767028005,-1.2662363981670524,-0.03544808506264374,0.008779675226968209,0.833895446276923,0.0,0.02956212798686053,0.0,0.0,0.0,0.0,0.0,0.8377493256629123,0.0
41,D19Y,10,7,fa_ref2015,0.805737977434319,2.842170943040401e-14,1.0618530407765263,3.774758283725532e-15,-1.7763568394002505e-14,-0.3243504484318436,-1.473118485062173,0.08020307766257773,0.002658175085564096,0.766648395500793,0.0,-0.07538214715944136,-1.7763568394002505e-15,0.0,0.0,-3.552713678800501e-15,0.0,0.8442495858080292,-5.551115123125783e-17
42,D19Y,10,8,fa_ref2015,0.6692602723608161,0.0,-1.9439046954990715,4.6629367034256575e-15,4.973799150320701e-14,-0.18957159497716702,-1.032390060221644,0.05140802691296997,-0.002993477783373777,0.7826132475254983,7.105427357601002e-15,-0.12161197146572178,-1.7763568394002505e-15,-3.552713678800501e-15,2.220446049250313e-16,3.552713678800501e-15,0.0,-1.7871902531474007,0.0
43,D19Y,10,9,fa_ref2015,-0.4155604976959921,0.0,-0.04865426464232314,-1.1102230246251565e-15,-2.842170943040401e-14,0.28044113628401135,0.5734097841707353,0.04048138989214678,-0.0012367612175552267,-0.0066322245183281225,-7.105427357601002e-15,-0.0665931248653635,0.0,-3.552713678800501e-15,2.220446049250313e-16,3.552713678800501e-15,0.0,0.35565543740619887,0.0
44,D19Y,10,10,fa_ref2015,-0.08454036622606509,2.842170943040401e-14,0.1588635941178893,6.661338147750939e-16,-9.237055564881302e-14,0.1654456919325895,0.08601946495167567,0.04212588729265221,-0.0009929039795117944,0.011883411546849132,0.0,0.005769803751217495,-1.7763568394002505e-15,3.552713678800501e-15,0.0,3.552713678800501e-15,0.0,0.3845745833892238,-5.551115123125783e-17
45,D19Y,10,11,fa_ref2015,0.1145023280884061,2.842170943040401e-14,-0.09756032718763663,-1.7985612998927536e-14,1.5631940186722204e-13,-0.005499595515061628,-0.5705721793432303,-0.076041868409785,0.013213072340363397,-0.7369525184407699,-7.105427357601002e-15,0.9529636054777555,0.0,3.552713678800501e-15,-2.220446049250313e-16,3.552713678800501e-15,0.0,-0.4059474829896885,2.7755575615628914e-17
46,D19Y,10,12,fa_ref2015,-0.18061401245540765,-2.842170943040401e-14,0.19793612942586947,4.218847493575595e-15,3.197442310920451e-14,0.06433596628767191,0.6549406807002356,0.10931128219147368,0.009703107849681203,-0.3918345818477027,0.0,-0.09927430139634552,-1.7763568394002505e-15,0.0,-2.220446049250313e-16,0.0,0.0,0.3645042707560151,-5.551115123125783e-17
47,D19Y,10,13,fa_ref2015,-0.060292851608892306,-2.842170943040401e-14,0.409285585640788,-7.771561172376096e-15,1.4210854715202004e-14,-0.29335387505126675,0.009654784243309678,-0.2326550851405642,-0.02157194611050528,-0.17294865434583073,-7.105427357601002e-15,-0.45974448837150916,0.0,-3.552713678800501e-15,0.0,0.0,0.0,-0.8216265307440835,2.7755575615628914e-17
48,D19Y,10,14,fa_ref2015,-0.3561383782133589,2.842170943040401e-14,-0.30226788377609637,6.661338147750939e-16,-6.039613253960852e-14,0.20557367805014337,0.6254352153987384,0.05154205095987052,-0.002370702650303258,0.1435539033357358,-7.105427357601002e-15,-0.13746366390409293,0.0,0.0,0.0,-3.552713678800501e-15,0.0,0.22786421920159228,-1.3877787807814457e-17
49,D19Y,10,15,fa_ref2015,-0.5811930097706863,0.0,-0.35284526738206523,9.325873406851315e-15,4.973799150320701e-14,0.2568153392097372,1.1329612866561547,0.06167811440852944,0.010043324173459212,-0.3885637451445607,0.0,-0.09938140406349305,1.7763568394002505e-15,-3.552713678800501e-15,0.0,0.0,0.0,0.03951463808482458,0.0
50,D19Y,10,16,fa_ref2015,-0.36720516276000126,0.0,-0.03711772625456433,-8.881784197001252e-16,-1.4210854715202004e-14,0.17443655336806785,0.48887767519477165,0.07937976731145824,-0.003490220281967993,0.12645626311699232,0.0,-0.05942967209146133,0.0,0.0,0.0,0.0,0.0,0.4019074776050502,1.1102230246251565e-16
51,D19Y,10,17,fa_ref2015,0.4059707948332516,-2.842170943040401e-14,2.22044980858351,5.329070518200751e-15,1.0658141036401503e-13,0.10890163466012837,-1.4793054952983766,-0.008118687699749216,0.014071228250941203,0.775303972853008,0.0,0.22811072341276883,-1.7763568394002505e-15,-3.552713678800501e-15,2.220446049250313e-16,0.0,0.0,2.2653839795951285,-1.1102230246251565e-16
52,D19Y,10,18,fa_ref2015,-0.019568864978168676,0.0,-0.7085976546919142,-6.439293542825908e-15,-5.3290705182007514e-14,0.3547559736004615,-0.2540212706176135,-0.15021179803232698,0.0024796310521182363,-0.10365781179500111,-7.105427357601002e-15,0.07398064170111596,-1.7763568394002505e-15,0.0,0.0,3.552713678800501e-15,0.0,-0.8048411537627089,2.220446049250313e-16
53,D19Y,10,19,fa_ref2015,0.6660788321792097,-2.842170943040401e-14,1.0686455989897183,1.4210854715202004e-14,-3.552713678800501e-14,0.16879468786117968,-2.468986190097496,-0.03271969166983624,-0.00015698258802743226,1.679242530905407,0.0,-0.3962378704078944,-1.7763568394002505e-15,0.0,2.220446049250313e-16,-3.552713678800501e-15,0.0,0.6846609151723442,0.0
54,D19Y,10,20,fa_ref2015,-0.08954958920344325,2.842170943040401e-14,1.4530452213820126,-3.552713678800501e-15,7.105427357601002e-14,0.5564005815585062,-1.6839706707633013,0.0816147899709101,0.0036178199925913646,1.208222209823429,7.105427357601002e-15,-0.34544152089577906,0.0,0.0,-2.220446049250313e-16,0.0,0.0,1.1839388418633803,5.551115123125783e-17
55,D19Y,10,21,fa_ref2015,0.3173055847747719,0.0,-0.36804454052352753,1.9984014443252818e-15,4.618527782440651e-14,0.09465140541038863,-1.2027077811654294,-0.03392654881435675,0.001680044112450929,-0.3701217990215664,0.0,0.6343852286891085,0.0,0.0,-2.220446049250313e-16,0.0,0.0,-0.9267784065392561,0.0
56,D19Y,10,22,fa_ref2015,0.12065637684884223,2.842170943040401e-14,1.2565142604803157,9.103828801926284e-15,-4.618527782440651e-14,0.12761257987278896,-1.5027779766012372,0.004344778507778813,0.0021701150896333843,0.9784693087903529,-7.105427357601002e-15,-0.169177077351236,1.7763568394002505e-15,-3.552713678800501e-15,0.0,3.552713678800501e-15,0.0,0.8178123656364278,-1.3877787807814457e-17
57,D19Y,10,23,fa_ref2015,-0.027433280775085223,0.0,0.10995536682366946,7.993605777301127e-15,-1.4210854715202004e-14,0.07542888937514647,0.3050485916153889,0.044050272288536974,-0.004582438427014779,-0.021359097962571738,-7.105427357601002e-15,-0.007275600426513762,0.0,3.552713678800501e-15,0.0,-3.552713678800501e-15,0.0,0.473832702510947,0.0
58,D19Y,10,24,fa_ref2015,-0.08259600948531443,2.842170943040401e-14,0.0795670312101322,3.3306690738754696e-15,1.0658141036401503e-13,0.19367327745067087,0.1074611521212887,0.05384038812951886,-0.003297006757364329,-0.020099627801378972,7.105427357601002e-15,0.03879165425904674,0.0,0.0,-2.220446049250313e-16,3.552713678800501e-15,0.0,0.36734085912632963,0.0
59,D19Y,10,25,fa_ref2015,0.3743802948031316,0.0,1.6380074811633278,-1.7763568394002505e-15,0.0,0.19703289297705595,-1.9152446622668435,-0.00034919141568678924,0.003239731268564583,1.236551481734388,-7.105427357601002e-15,-0.5499271872168947,0.0,0.0,2.220446049250313e-16,3.552713678800501e-15,0.0,0.9836908410464957,0.0
60,D19Y,10,26,fa_ref2015,-1.0886789753881203,0.0,-2.319399208283329,-1.3322676295501878e-15,4.618527782440651e-14,-0.09168033359290462,1.4625335162691044,0.025258266024344778,0.007300270172411416,-0.9239571339926993,7.105427357601002e-15,0.16530807333856856,-1.7763568394002505e-15,3.552713678800501e-15,0.0,0.0,0.0,-2.763315525452981,0.0
61,D19Y,10,27,fa_ref2015,0.08010179279915519,-2.842170943040401e-14,0.2134997758124655,7.549516567451064e-15,-4.973799150320701e-14,0.18600379683792312,-1.14159297609973,-0.03639601095704137,0.005468852024378634,0.06442222717562629,0.0,-0.14565379378872478,-1.7763568394002505e-15,3.552713678800501e-15,2.220446049250313e-16,0.0,0.0,-0.7741463361945762,0.0
62,D19Y,10,28,fa_ref2015,-0.06164037115638621,0.0,-0.6358257484846774,8.881784197001252e-16,-4.973799150320701e-14,0.06434026621599287,0.11222234766881911,0.09382291937634335,0.0009630017423916115,-0.008262880732115008,-7.105427357601002e-15,-0.04053113944912923,1.7763568394002505e-15,0.0,0.0,3.552713678800501e-15,0.0,-0.47491160481729366,-1.1102230246251565e-16
63,D19Y,10,29,fa_ref2015,0.25115516484163436,0.0,1.5494716448254167,-1.0436096431476471e-14,-1.7763568394002505e-14,0.11055060950177165,-1.8956367027755618,0.019602647440155607,0.010131359100302717,0.9766612710504239,7.105427357601002e-15,-0.31637004082652,1.7763568394002505e-15,0.0,-2.220446049250313e-16,0.0,0.0,0.7055659531575884,0.0
64,D19Y,10,30,fa_ref2015,-0.16702318072486833,0.0,0.18634711757644595,-7.771561172376096e-15,4.263256414560601e-14,0.3321885761932748,0.09628809250222048,0.040063994651521995,-0.01802035872437102,6.777742715247115e-05,0.0,0.043734020127654816,-1.7763568394002505e-15,0.0,2.220446049250313e-16,0.0,0.0,0.5136460390291404,0.0
65,D19Y,10,31,fa_ref2015,0.10287265287740865,0.0,-1.185327287399275,-1.3766765505351941e-14,0.0,0.14121816757386796,-0.9821127099236264,0.057556238355211065,0.018460407160986847,0.0004645671281373609,7.105427357601002e-15,0.3136121687408284,-1.7763568394002505e-15,3.552713678800501e-15,2.220446049250313e-16,3.552713678800501e-15,0.0,-1.533255795486582,-5.551115123125783e-17
66,D19Y,10,32,fa_ref2015,0.3413223959280458,-2.842170943040401e-14,-0.8734233943607137,-6.8833827526759706e-15,-2.1316282072803006e-14,-0.09910593846979054,-0.8294601184909993,0.029787981564656008,-0.0057289340099266894,-0.029946596893387856,-7.105427357601002e-15,0.23793310309909543,0.0,-3.552713678800501e-15,0.0,0.0,0.0,-1.2286215016343363,0.0
67,D19Y,10,33,fa_ref2015,-0.9994425565710117,0.0,0.9487748919489718,-5.773159728050814e-15,-7.105427357601002e-15,0.41709197295854494,0.9736509996252494,-0.10926453845274864,0.06630345092220225,-0.764900143519113,7.105427357601002e-15,-0.14499650198644787,0.0,0.0,2.220446049250313e-16,0.0,0.0,0.3872175749248754,0.0
68,D19Y,10,34,fa_ref2015,0.6903470946577954,-2.842170943040401e-14,1.4434407353450922,-4.440892098500626e-15,-2.1316282072803006e-14,0.007995789187063451,-1.404021599279531,-0.07066922128098696,-0.002361070916226282,0.7358944189783658,0.0,0.05181181543056468,-1.7763568394002505e-15,0.0,0.0,0.0,0.0,1.4524379621207686,-2.7755575615628914e-17
69,D19Y,10,35,fa_ref2015,-0.5422290188023453,-2.842170943040401e-14,1.1135755265815135,-2.886579864025407e-15,-2.4868995751603507e-14,0.3282643985207301,-0.49999321972978805,-0.11399697929775954,0.007665512466751068,0.6797567173326708,0.0,-0.10690567677207596,-1.7763568394002505e-15,3.552713678800501e-15,2.220446049250313e-16,3.552713678800501e-15,0.0,0.8661372602987853,0.0
70,D19Y,15,1,fa_ref2015,-1.0602736839126692,2.842170943040401e-14,-1.648935274039161,1.5543122344752192e-15,0.0,-0.04662484027673486,1.2380899615110934,-0.6825382775440509,0.021222718594479772,-0.004238893510185804,0.0,0.4400615599728681,-1.7763568394002505e-15,-3.552713678800501e-15,0.0,0.0,0.0,-1.7432367292041704,-2.7755575615628914e-17
71,D19Y,15,2,fa_ref2015,-0.24807080318566932,-2.842170943040401e-14,1.3630399541513043,-5.773159728050814e-15,-7.105427357601002e-14,0.3865635834170149,-1.303294194069224,-0.0018507206303546297,0.003224171799246278,1.25345356448822,-7.105427357601002e-15,-0.4423998398410305,-1.7763568394002505e-15,-3.552713678800501e-15,0.0,0.0,0.0,1.0106657161300063,-1.1102230246251565e-16
72,D19Y,15,3,fa_ref2015,-0.4086693582166845,0.0,0.030812627512005974,0.0,5.684341886080802e-14,0.5005572129018674,0.4133024808727441,0.11600571352252231,-0.016255790582473395,0.16586501884127802,-7.105427357601002e-15,0.0900247154471252,1.7763568394002505e-15,3.552713678800501e-15,-2.220446049250313e-16,-3.552713678800501e-15,0.0,0.8916426203005585,0.0
73,D19Y,15,4,fa_ref2015,0.7673680420897426,2.842170943040401e-14,1.1744288605707993,1.9984014443252818e-15,-1.4210854715202004e-14,0.08504931839998164,-1.3231779422055183,-0.02319939696337414,-0.007291358034301254,0.7657889009889249,0.0,-0.00021225728451668147,1.7763568394002505e-15,0.0,2.220446049250313e-16,3.552713678800501e-15,0.0,1.438754167563161,-5.551115123125783e-17
74,D19Y,15,5,fa_ref2015,-0.6710534168533968,0.0,-0.13510441355956004,-1.3322676295501878e-14,7.815970093361102e-14,-0.33036744471536394,-0.19634245073029888,-0.014420809217465802,-2.812708041943779e-05,0.1261389908512669,0.0,0.05156668791852681,-1.7763568394002505e-15,0.0,0.0,-3.552713678800501e-15,0.0,-1.1696109833868604,-1.1102230246251565e-16
75,D19Y,15,6,fa_ref2015,0.7336180497478608,2.842170943040401e-14,0.9328838854671346,-3.3306690738754696e-15,3.552713678800501e-14,-0.07960987910870188,-1.7569762497485613,0.009636111536334369,-0.009750221465420594,1.1575343382319137,0.0,0.17430014055189247,0.0,0.0,2.220446049250313e-16,3.552713678800501e-15,0.0,1.161636175211754,5.551115123125783e-17
76,D19Y,15,7,fa_ref2015,0.011516531885490622,0.0,0.10361936340868283,-2.220446049250313e-16,6.394884621840902e-14,0.15870115354513814,0.07945483789882246,0.05552839214622196,-0.00375213481745007,-0.005847592536091462,7.105427357601002e-15,-0.025554855939947885,0.0,3.552713678800501e-15,2.220446049250313e-16,0.0,0.0,0.373665695591626,5.551115123125783e-17
77,D19Y,15,8,fa_ref2015,-0.5442778942671112,-2.842170943040401e-14,0.9065698254731842,2.6645352591003757e-15,-1.4210854715202004e-14,0.5593471181122709,-1.1235286656307153,-0.05739373820350124,0.023610647897843506,0.9532461891240018,-7.105427357601002e-15,-0.24344185366164695,0.0,0.0,-2.220446049250313e-16,0.0,0.0,0.4741316288456119,-5.551115123125783e-17
78,D19Y,15,9,fa_ref2015,0.9275075799324668,0.0,1.6179188609372943,1.8207657603852567e-14,5.684341886080802e-14,-0.03667061794187987,-1.8589328320050527,0.03658353397065994,0.0007257134594453873,1.2908608030360984,0.0,0.5687198090687922,0.0,0.0,0.0,-3.552713678800501e-15,0.0,2.5467128504550374,0.0
79,D19Y,15,10,fa_ref2015,-0.18726451876852934,2.842170943040401e-14,0.4214255650773282,3.1086244689504383e-15,-2.4868995751603507e-13,0.050534128551760205,-0.9381074412233374,0.08762581884895582,0.026484078159203506,1.007025740652276,7.105427357601002e-15,-0.08052994248282275,0.0,0.0,-2.220446049250313e-16,-3.552713678800501e-15,0.0,0.38719342881410057,0.0
80,D19Y,15,11,fa_ref2015,0.30685340129264205,0.0,1.3782747299788412,1.1546319456101628e-14,5.684341886080802e-14,0.2699386187807704,-1.1054686204126938,-0.09697243519471499,-0.0037608951564891413,0.8408770241857191,7.105427357601002e-15,-0.06276239643857551,0.0,-3.552713678800501e-15,2.220446049250313e-16,0.0,0.0,1.5269794270336092,1.1102230246251565e-16
81,D19Y,15,12,fa_ref2015,-0.5630132853796113,-2.842170943040401e-14,0.018753679861873707,3.3306690738754696e-15,5.684341886080802e-14,-0.019052225851822868,0.9447954899224555,0.10607604047574881,0.0024199592913021206,-0.14329304872577708,-7.105427357601002e-15,-0.29042547545475017,0.0,3.552713678800501e-15,0.0,0.0,0.0,0.05626113413995881,-5.551115123125783e-17
82,D19Y,15,13,fa_ref2015,0.0836620283926095,2.842170943040401e-14,0.227679981460426,1.9984014443252818e-15,2.1316282072803006e-14,0.03920679103357827,0.2154618959557979,0.06226389687057576,-0.019271042819745787,-0.2526647693035242,-7.105427357601002e-15,-0.11453871002651539,-1.7763568394002505e-15,3.552713678800501e-15,2.220446049250313e-16,0.0,0.0,0.2418000715637163,0.0
83,D19Y,15,14,fa_ref2015,0.19030403638407734,0.0,0.01659858322878449,7.993605777301127e-15,1.4210854715202004e-13,0.21380683248382581,-1.3219622349000701,-0.04731075222489167,0.00736931993003509,0.05471692876765033,0.0,-0.03394793296241616,-1.7763568394002505e-15,-3.552713678800501e-15,-2.220446049250313e-16,0.0,0.0,-0.9204252192931222,5.551115123125783e-17
84,D19Y,15,15,fa_ref2015,-0.00849468056992464,0.0,0.29668841752646813,-5.551115123125783e-15,-4.618527782440651e-14,0.2958067772005819,-1.5712053384246474,-0.0126058502807318,0.00337127821351757,1.4985020797216908,0.0,0.07556999796413066,0.0,3.552713678800501e-15,-2.220446049250313e-16,0.0,0.0,0.5776326813502237,-1.1102230246251565e-16
85,D19Y,15,16,fa_ref2015,-1.8107504619553083,2.842170943040401e-14,-2.478368867950252,3.9968028886505635e-15,2.1316282072803006e-14,0.18438242751007294,2.1614788595787786,0.08930031734914934,0.017654238640250952,-1.9644587201433952,-7.105427357601002e-15,0.16519211726492955,1.7763568394002505e-15,3.552713678800501e-15,2.220446049250313e-16,0.0,0.0,-3.6355700897069028,0.0
86,D19Y,15,17,fa_ref2015,-0.6134943376717956,0.0,-0.2180723909317237,2.220446049250313e-16,0.0,0.3677012878399637,0.9444654047557037,0.2441981701846423,0.027642215688072014,-0.014366826316855708,0.0,0.3695382227441364,-1.7763568394002505e-15,3.552713678800501e-15,0.0,0.0,0.0,1.107611746290786,5.551115123125783e-17
87,D19Y,15,18,fa_ref2015,0.4446588909067941,0.0,-0.6668686572212437,-1.7763568394002505e-15,-7.105427357601002e-15,0.145619620409569,-1.0778088986953094,-0.03853778234288541,0.01104413291854911,0.09671248615447325,0.0,-0.23379440030167942,0.0,0.0,0.0,0.0,0.0,-1.3189746081696399,0.0
88,D19Y,15,19,fa_ref2015,-0.379276876516883,0.0,0.09786310544402,3.9968028886505635e-15,1.4210854715202004e-14,0.2002469926520547,-1.3182601652406447,-0.057519768522809045,0.018569206414031925,-0.14422479740068006,7.105427357601002e-15,0.24597062448215112,0.0,0.0,0.0,3.552713678800501e-15,0.0,-1.3366316786901393,1.1102230246251565e-16
89,D19Y,15,20,fa_ref2015,0.1472803568457266,2.842170943040401e-14,1.3854963308033064,-7.549516567451064e-15,0.0,0.2838000027150258,-2.1615091648138787,-0.03913233411996586,0.015274255378834312,1.5074973161724206,-7.105427357601002e-15,-0.019556159178531374,-1.7763568394002505e-15,0.0,-2.220446049250313e-16,0.0,0.0,1.119150603802325,0.0
90,D19Y,15,21,fa_ref2015,0.608173833903038,0.0,1.1153304195915155,3.1086244689504383e-15,-2.1316282072803006e-14,-0.10432636794547534,-1.2877694397049595,0.010525025827206491,0.002156951848530042,0.8316160368103969,0.0,0.02848610556756981,-1.7763568394002505e-15,0.0,0.0,0.0,0.0,1.204192565899973,5.551115123125783e-17
91,D19Y,15,22,fa_ref2015,0.04134397587540661,2.842170943040401e-14,0.09574931679699716,3.3306690738754696e-15,-2.842170943040401e-14,0.1601569073604736,-0.8659426727943469,0.1606370616864936,0.02314368903731534,1.0496810010331927,0.0,0.07914316273600264,-1.7763568394002505e-15,3.552713678800501e-15,0.0,0.0,0.0,0.7439124417289236,0.0
92,D19Y,15,23,fa_ref2015,0.061511401508596464,-2.842170943040401e-14,-1.15367573395568,1.5543122344752192e-15,7.105427357601002e-14,-0.025299903943846402,-0.753684884795689,-0.5880756286812492,0.010744181937155872,0.7516385751604169,-7.105427357601002e-15,0.28194382565210674,0.0,-3.552713678800501e-15,0.0,3.552713678800501e-15,0.0,-1.4148981671182241,5.551115123125783e-17
93,D19Y,15,24,fa_ref2015,-0.09787453554940839,0.0,0.31727634783439385,-3.9968028886505635e-15,-1.0658141036401503e-14,0.24157922359594863,0.15967924866913563,0.04428144388176847,0.004384877298370782,-0.023780249016621013,7.105427357601002e-15,-0.08540874209278826,1.7763568394002505e-15,3.552713678800501e-15,2.220446049250313e-16,0.0,0.0,0.5601376146207144,1.3877787807814457e-17
94,D19Y,15,25,fa_ref2015,0.5691965142173103,0.0,1.209867644170032,8.881784197001252e-16,3.552713678800501e-15,-0.07537411042623887,-1.3489033244084112,0.0008181073637310021,-0.00539977843983408,0.7925445171953758,-7.105427357601002e-15,0.08167463058605051,0.0,3.552713678800501e-15,-2.220446049250313e-16,0.0,0.0,1.2244242002587953,0.0
95,D19Y,15,26,fa_ref2015,1.0306317148497328,0.0,1.1517463516010764,4.884981308350689e-15,3.197442310920451e-14,-0.3766011498259303,-1.8813372384367426,-0.02684424824855114,-0.005688887792398845,0.762950509952625,0.0,0.06821788258904249,0.0,-3.552713678800501e-15,2.220446049250313e-16,3.552713678800501e-15,0.0,0.7230749346886682,1.1102230246251565e-16
96,D19Y,15,27,fa_ref2015,0.8074287961553637,0.0,-1.440819400107273,5.551115123125783e-15,1.4210854715202004e-14,-0.5924618230483105,-1.1794034492199899,-0.07181705395453264,-0.01583727531966872,0.5402704087219039,-7.105427357601002e-15,0.24397124245591684,0.0,0.0,0.0,1.7763568394002505e-15,0.0,-1.7086685543177964,0.0
97,D19Y,15,28,fa_ref2015,0.8530481434726198,-2.842170943040401e-14,0.9329378838483535,-6.217248937900877e-15,8.171241461241152e-14,0.11999402434015849,-1.7964535952091865,0.006590917666933649,-0.011497015415010026,1.6043097623176505,0.0,-0.38705142684108296,0.0,0.0,-2.220446049250313e-16,-3.552713678800501e-15,0.0,1.3218786941788494,0.0
98,D19Y,15,29,fa_ref2015,-0.3263567236455174,0.0,0.035496532272105696,-4.218847493575595e-15,-1.3145040611561853e-13,0.41158170871115374,0.4633471397236235,0.14831623211746958,0.0021739062977133017,0.18433610177115867,0.0,0.1524098793275641,0.0,0.0,0.0,-3.552713678800501e-15,0.0,1.0713047765746637,0.0
99,D19Y,15,30,fa_ref2015,0.2636786732798555,0.0,1.3793828740228378,6.217248937900877e-15,1.0658141036401503e-14,0.1763098193890329,-1.8891967449927733,-0.049098085911619904,-0.0008765406097346329,1.4154823483600287,7.105427357601002e-15,-0.09353156427040688,-1.7763568394002505e-15,3.552713678800501e-15,0.0,3.552713678800501e-15,0.0,1.2021507792670718,-1.1102230246251565e-16
100,D19Y,15,31,fa_ref2015,-0.17335632338858886,0.0,0.7961425480224591,1.1102230246251565e-15,-1.4210854715202004e-14,0.33592769212195606,-1.1328856693542093,0.1524121523918609,0.015157966190926686,1.145425103673242,0.0,0.02459353058551983,-1.7763568394002505e-15,0.0,-2.220446049250313e-16,0.0,0.0,1.1634170002426458,-2.7755575615628914e-17
101,D19Y,15,32,fa_ref2015,-0.08090823854729479,-2.842170943040401e-14,0.16851790629362995,4.440892098500626e-16,4.973799150320701e-14,0.1486352230562744,-0.7822460432710727,-0.0137382892276392,0.02857235389305046,0.058844593105018106,0.0,-0.09950226603400125,-1.7763568394002505e-15,0.0,0.0,-3.552713678800501e-15,0.0,-0.5718247607343869,2.7755575615628914e-17
102,D19Y,15,33,fa_ref2015,-0.8764590082373616,0.0,-0.33237262625590347,1.9095836023552692e-14,3.552713678800501e-14,0.5928549573922908,1.1646021418205237,0.26311095427774234,0.01744734171583673,0.03878144308266407,0.0,0.2526072215801243,-1.7763568394002505e-15,0.0,0.0,3.552713678800501e-15,0.0,1.1205724253730978,0.0
103,D19Y,15,34,fa_ref2015,0.007638450621016091,2.842170943040401e-14,1.3317485404405716,-1.509903313490213e-14,-3.552713678800501e-15,0.38129570981142535,-1.6748086459289198,0.019910592715252307,-0.0020676924020541776,1.12004321570309,7.105427357601002e-15,-0.45638252456746997,0.0,0.0,2.220446049250313e-16,0.0,0.0,0.7273776463927106,-2.7755575615628914e-17
104,D19Y,15,35,fa_ref2015,-0.042849541099258204,2.842170943040401e-14,1.8271021000664405,5.551115123125783e-15,0.0,0.5052987095256185,-1.745242213902145,0.08215289905071899,0.014687562971264612,0.859836641968859,7.105427357601002e-15,0.2970519255232986,0.0,0.0,0.0,0.0,0.0,1.7980380841046895,-1.1102230246251565e-16
105,D19Y,20,1,fa_ref2015,1.01151843730986,0.0,1.2934576313716661,1.7763568394002505e-15,-5.3290705182007514e-14,-0.32179041458680047,-1.7917420591322184,-0.030956235834249668,0.0009313441199267913,0.7957568220599196,0.0,0.12431649675094647,0.0,0.0,2.220446049250313e-16,-3.552713678800501e-15,0.0,1.0814920220585122,0.0
106,D19Y,20,2,fa_ref2015,-0.643979985477813,0.0,-0.2092064215704852,3.552713678800501e-15,-3.197442310920451e-14,0.513790281896533,1.0163966271442746,0.1774307043222798,-0.005176880329454292,0.010622659036427784,0.0,0.1529246211709392,0.0,0.0,2.220446049250313e-16,3.552713678800501e-15,0.0,1.0128016061920562,1.1102230246251565e-16
107,D19Y,20,3,fa_ref2015,-0.20756315004416592,0.0,1.5673243384530338,-2.4424906541753444e-15,-2.1316282072803006e-14,0.33193495379921956,-1.3543729938059528,-0.19720441779257314,0.016019015975523132,0.9499014482768438,0.0,-0.24192146698845107,1.7763568394002505e-15,0.0,0.0,0.0,0.0,0.8641177278740884,-1.1102230246251565e-16
108,D19Y,20,4,fa_ref2015,-0.14469631573047081,0.0,0.4306996974547985,2.886579864025407e-15,7.105427357601002e-14,0.36153407554475336,-0.9703489346435958,0.13794438245256302,-0.007291883425430967,1.2134445062801111,0.0,0.07134516042649608,0.0,-3.552713678800501e-15,0.0,0.0,0.0,1.0926306883598613,0.0
109,D19Y,20,5,fa_ref2015,-0.643799712294026,2.842170943040401e-14,1.166007769101924,3.774758283725532e-15,-6.394884621840902e-14,0.764180660867126,-0.9104368230128443,0.1287956741573133,0.0035978225320789647,1.0374373215699269,-7.105427357601002e-15,-0.2713657818907187,1.7763568394002505e-15,-3.552713678800501e-15,-2.220446049250313e-16,3.552713678800501e-15,0.0,1.2744169310309417,-1.1102230246251565e-16
110,D19Y,20,6,fa_ref2015,0.09645882002678263,0.0,-0.26378559027315873,-7.771561172376096e-15,-3.197442310920451e-14,-0.052259962329785026,-0.8690752452453125,0.007793439468628094,0.023280420644567812,-0.5633514552060657,-7.105427357601002e-15,0.41425639621254007,0.0,-3.552713678800501e-15,0.0,0.0,0.0,-1.206683176700551,2.7755575615628914e-17
111,D19Y,20,7,fa_ref2015,0.7761294607861373,2.842170943040401e-14,0.8913457492744783,6.661338147750939e-16,-7.105427357601002e-15,-0.1344092041144762,-1.366044924453547,-0.002467225190166289,-0.008635189032005997,0.8360302401497268,7.105427357601002e-15,0.029670160473067142,1.7763568394002505e-15,3.552713678800501e-15,0.0,0.0,0.0,1.021619067894676,-2.7755575615628914e-17
112,D19Y,20,8,fa_ref2015,-0.13518955740005367,2.842170943040401e-14,0.19636515292145873,1.3322676295501878e-15,2.1316282072803006e-14,0.18133717191584253,0.14701299618161556,0.03962559766433671,0.0032308603157851223,-0.04074311807962783,0.0,0.023974682972770722,1.7763568394002505e-15,0.0,0.0,3.552713678800501e-15,0.0,0.4156137864919174,-1.1102230246251565e-16
113,D19Y,20,9,fa_ref2015,0.1390000863232217,0.0,0.27212355570625846,-3.3306690738754696e-15,-4.618527782440651e-14,0.02927392009956975,0.12317279339072229,0.06381443496923822,-0.013837804734766479,0.0029999615858740114,-7.105427357601002e-15,-0.057723243645654065,0.0,0.0,0.0,0.0,0.0,0.5588237036938608,0.0
114,D19Y,20,10,fa_ref2015,0.558680508085672,0.0,-1.0660065743392693,-1.0436096431476471e-14,-7.105427357601002e-15,-0.2294751933913659,-0.9140189587401437,-0.0021308825242591922,0.008730114863510607,0.1353843770727492,0.0,-0.05485377233825872,1.7763568394002505e-15,-3.552713678800501e-15,-2.220446049250313e-16,-3.552713678800501e-15,0.0,-1.5636903813115737,-2.220446049250313e-16
115,D19Y,20,11,fa_ref2015,0.5608670401754807,-2.842170943040401e-14,1.7415994723671986,-4.440892098500626e-15,5.3290705182007514e-14,-0.06684256086018081,-1.4065415632692861,0.0012813778226004047,0.005057006275524856,0.8833273506197736,0.0,0.016379555409578472,0.0,3.552713678800501e-15,0.0,0.0,0.0,1.7351276785427103,1.1102230246251565e-16
116,D19Y,20,12,fa_ref2015,0.07105002934611093,0.0,0.3163506173970916,-1.7985612998927536e-14,4.263256414560601e-14,0.08555520698705266,0.0732763121805533,0.0941084880893932,0.0005753364401641647,0.005336930801884243,7.105427357601002e-15,-0.05165522786299448,0.0,3.552713678800501e-15,-2.220446049250313e-16,3.552713678800501e-15,0.0,0.5945976933808197,1.1102230246251565e-16
117,D19Y,20,13,fa_ref2015,0.12771997409402047,0.0,0.4308715747737608,1.7763568394002505e-15,-8.171241461241152e-14,0.11901517107489212,0.17216710009375902,0.14352867182282125,0.007908535649971071,0.27407928380069624,7.105427357601002e-15,-0.23640277673471033,0.0,0.0,0.0,0.0,0.0,1.0388875345749398,5.551115123125783e-17
118,D19Y,20,14,fa_ref2015,-0.06987783439171835,-2.842170943040401e-14,0.1721378116751282,1.84297022087776e-14,-3.552713678800501e-15,0.10015272903626737,0.20180491601161066,-0.0038326878650742913,-0.0005193168599753051,-0.020710297182883863,-7.105427357601002e-15,-0.04707643833194197,0.0,3.552713678800501e-15,0.0,3.552713678800501e-15,0.0,0.3320788820927305,-2.7755575615628914e-17
119,D19Y,20,15,fa_ref2015,-0.5349786229505753,-2.842170943040401e-14,-0.7567009210373215,1.3322676295501878e-15,5.3290705182007514e-14,0.36458056416869056,-0.484780518937896,0.01025748539082727,0.008987309660437148,-0.19040078012770145,0.0,0.5820342903030991,1.7763568394002505e-15,-3.552713678800501e-15,2.220446049250313e-16,-3.552713678800501e-15,0.0,-1.0010011935309535,0.0
120,D19Y,20,16,fa_ref2015,0.09582469461668097,2.842170943040401e-14,0.23742469481962303,1.5543122344752192e-15,2.842170943040401e-14,0.08159054839705959,0.11633647449684759,0.08949073159975285,-0.001906112492743972,-0.04895642410968648,0.0,-0.04551104449002352,-1.7763568394002505e-15,3.552713678800501e-15,2.220446049250313e-16,-3.552713678800501e-15,0.0,0.5242935628376699,0.0
121,D19Y,20,17,fa_ref2015,-0.10449838196439032,0.0,1.8265734883012499,-2.6645352591003757e-15,-2.1316282072803006e-14,0.17063444525972216,-1.3618308245956996,-0.03309131356351358,0.0020651971410288184,0.8905710833718707,0.0,-0.46859780027698505,0.0,0.0,2.220446049250313e-16,-3.552713678800501e-15,0.0,0.9218258936754182,0.0
122,D19Y,20,18,fa_ref2015,0.8413382708157542,0.0,1.8646458305582598,-8.881784197001252e-16,1.4210854715202004e-14,-0.18433412204829835,-1.250022000217541,-0.0342457983759914,1.5942550401604194e-05,0.7945878069582033,-7.105427357601002e-15,-0.1693327055913656,0.0,-3.552713678800501e-15,2.220446049250313e-16,0.0,0.0,1.8626532246498186,-2.7755575615628914e-17
123,D19Y,20,19,fa_ref2015,0.8988727007060788,0.0,2.0398756485340925,-1.1102230246251565e-15,-6.039613253960852e-14,-0.10711920713531242,-1.3496145457510806,-0.05901409646431688,-0.004684928170210156,0.8815152701578235,0.0,0.024344201450155367,1.7763568394002505e-15,0.0,-2.220446049250313e-16,0.0,0.0,2.3241750433270454,0.0
124,D19Y,20,20,fa_ref2015,-0.29159141497507335,0.0,1.4605878892295152,9.547918011776346e-15,2.842170943040401e-14,0.07178744532451731,-1.5205888449065696,-0.04498779552857357,-0.014818811386405173,1.300655397192564,-7.105427357601002e-15,-0.41998018137852355,0.0,3.552713678800501e-15,0.0,0.0,0.0,0.5410636835695755,0.0
125,D19Y,20,21,fa_ref2015,0.029932461894532025,-2.842170943040401e-14,0.7723859771366506,-1.5543122344752192e-15,-5.3290705182007514e-14,0.23011723334921896,-1.0362729663515893,-0.047110042244842276,0.015115530965786661,0.8797527060213728,0.0,0.10493308892594655,-1.7763568394002505e-15,3.552713678800501e-15,0.0,3.552713678800501e-15,0.0,0.9488539896975112,5.551115123125783e-17
126,D19Y,20,22,fa_ref2015,-1.0124799597549554,0.0,-2.2777219531371884,-6.8833827526759706e-15,7.105427357601002e-15,-0.016953231980835426,2.644975869116422,0.04621641067197757,-0.00857462156129074,-1.4883292415309501,7.105427357601002e-15,0.6125142541110691,0.0,0.0,-2.220446049250313e-16,-3.552713678800501e-15,0.0,-1.500352474064698,-1.1102230246251565e-16
127,D19Y,20,23,fa_ref2015,-0.8167639403729936,0.0,-1.562597416145337,4.6629367034256575e-15,4.263256414560601e-14,0.02371780435809967,0.7523347193800305,-0.6034396794330235,0.033070067480949206,-0.036266525816408546,0.0,0.29493895016174676,0.0,0.0,-2.220446049250313e-16,0.0,0.0,-1.9150060203833164,5.551115123125783e-17
128,D19Y,20,24,fa_ref2015,0.48939218387636174,2.842170943040401e-14,1.4984800573550672,-4.440892098500626e-16,7.105427357601002e-14,0.05109465588033402,-1.9968671861390135,0.017828225653119034,0.016461570997655883,1.2872878811939898,0.0,-0.42094609372092506,0.0,0.0,0.0,3.552713678800501e-15,0.0,0.9427312950939495,1.1102230246251565e-16
129,D19Y,20,25,fa_ref2015,0.4063912835628116,0.0,0.838759328791781,-5.995204332975845e-15,3.197442310920451e-14,0.07219936893028489,-1.3127336092342148,-0.020005817511957957,-0.015303527490349467,0.746186314039269,0.0,0.0018691677664328665,-1.7763568394002505e-15,3.552713678800501e-15,-2.220446049250313e-16,0.0,0.0,0.7173625088549329,0.0
130,D19Y,20,26,fa_ref2015,0.19300943115820246,2.842170943040401e-14,-0.8166822088556387,-9.547918011776346e-15,7.105427357601002e-14,-0.03593270522834757,0.5042321684356352,0.11279073676955775,0.0013614727370523383,-0.00235155378146068,-7.105427357601002e-15,-0.21045809184673558,1.7763568394002505e-15,0.0,0.0,-3.552713678800501e-15,0.0,-0.25403075061103664,0.0
131,D19Y,20,27,fa_ref2015,0.9123104164503957,2.842170943040401e-14,1.0656970554360043,1.1102230246251565e-15,7.460698725481052e-14,-0.3551181643515662,-1.899149868155007,0.012083593716212704,-0.006013133444074725,0.8527998932741969,-7.105427357601002e-15,-0.052164213625943034,-1.7763568394002505e-15,-3.552713678800501e-15,2.220446049250313e-16,0.0,0.0,0.5304455793005332,-2.7755575615628914e-17
132,D19Y,20,28,fa_ref2015,0.01522234187052618,0.0,-0.21237362219261513,-5.329070518200751e-15,1.2079226507921703e-13,0.2774778889917684,-0.540364074172885,1.4072298881728784e-11,0.017128740499785522,-0.0175021467386145,-7.105427357601002e-15,-0.2813711265975378,0.0,-3.552713678800501e-15,-2.220446049250313e-16,0.0,0.0,-0.7417819983249956,-1.1102230246251565e-16
133,D19Y,20,29,fa_ref2015,-0.5787163342440635,-2.842170943040401e-14,0.012598319097946842,-3.3306690738754696e-15,4.263256414560601e-14,0.45066943456136244,0.6633830823810172,0.20181916420564505,0.002075178883998774,0.18626601452281388,7.105427357601002e-15,0.0353161599831715,0.0,0.0,0.0,3.552713678800501e-15,0.0,0.9734110193908805,-2.7755575615628914e-17
134,D19Y,20,30,fa_ref2015,-0.10532704046465824,0.0,-0.3192734993846216,-1.532107773982716e-14,-1.4210854715202004e-14,0.27072612664750295,0.5033397390783421,0.025684634174833576,0.003287799823375792,-0.011110144647471287,-7.105427357601002e-15,0.03949028577880753,1.7763568394002505e-15,3.552713678800501e-15,0.0,0.0,0.0,0.4068179010059225,-1.1102230246251565e-16
135,D19Y,20,31,fa_ref2015,-1.698091417631872,2.842170943040401e-14,-2.178540720559539,-4.440892098500626e-16,-1.7763568394002505e-14,0.05449115883496347,1.929289606879479,0.03681462430307647,0.04492701324512893,-2.3769525109378167,0.0,0.16310693945452215,0.0,-3.552713678800501e-15,2.220446049250313e-16,3.552713678800501e-15,0.0,-4.024955306412835,-5.551115123125783e-17
136,D19Y,20,32,fa_ref2015,0.32659898479107596,-2.842170943040401e-14,1.0670970751378661,-6.439293542825908e-15,9.947598300641403e-14,0.2613463348890406,-1.3935497560107137,0.020017128964209263,-0.0059362557448956466,0.9648088203444516,-7.105427357601002e-15,-0.15134154095818175,0.0,0.0,0.0,-3.552713678800501e-15,0.0,1.089040791410639,-1.1102230246251565e-16
137,D19Y,20,33,fa_ref2015,-0.7141216944443158,0.0,-0.652698897210712,-8.881784197001252e-16,-2.842170943040401e-14,0.5517755787153646,0.8010783038794784,0.2090800011200038,0.003832065585129385,-0.014444874299426758,0.0,0.04812654933970251,-1.7763568394002505e-15,3.552713678800501e-15,0.0,3.552713678800501e-15,0.0,0.23262703268653695,0.0
138,D19Y,20,34,fa_ref2015,-0.23229530324897496,2.842170943040401e-14,0.07000100234427009,3.3306690738754696e-15,4.973799150320701e-14,-0.07516530613010275,0.705457578760047,0.08177599134188895,0.006182072205977107,-0.09091242773497754,0.0,-0.05375399548323401,-1.7763568394002505e-15,3.552713678800501e-15,2.220446049250313e-16,0.0,0.0,0.411289612053622,0.0
139,D19Y,20,35,fa_ref2015,-0.7512733439149315,0.0,-0.23571834525989743,4.884981308350689e-15,7.105427357601002e-15,0.5773430468458258,0.894386068196809,0.2594849626332483,0.005946068977650043,0.10012915244725207,-7.105427357601002e-15,0.172211762663121,-1.7763568394002505e-15,0.0,0.0,-3.552713678800501e-15,0.0,1.02250937258691,0.0
140,D19Y,25,1,fa_ref2015,0.7099889451866375,0.0,-0.9963806884969983,-1.3322676295501878e-15,7.105427357601002e-15,-0.3741034614162757,-0.3893103582445292,-0.05413097059262029,-0.006149376923204386,-0.023961541133106223,0.0,0.060375321903357815,0.0,3.552713678800501e-15,0.0,1.7763568394002505e-15,0.0,-1.0736721297174654,-5.551115123125783e-17
141,D19Y,25,2,fa_ref2015,0.020210145049077255,2.842170943040401e-14,0.22354183471045985,-1.5543122344752192e-15,6.039613253960852e-14,0.12650280202322506,-0.7057051059422292,0.0707598248221295,0.01081888416953447,0.8798320212086432,0.0,0.05419344667515702,-1.7763568394002505e-15,0.0,2.220446049250313e-16,-3.552713678800501e-15,0.0,0.6801538527157618,0.0
142,D19Y,25,3,fa_ref2015,0.17052619694175064,0.0,1.1277312218897464,-1.6209256159527285e-14,-1.4210854715202004e-14,0.11926336496736667,-0.8460557081762659,0.1136277317296468,0.0167856416625618,1.1473345306621345,0.0,0.15409908577341014,-1.7763568394002505e-15,0.0,0.0,0.0,0.0,2.003312065448654,-1.1102230246251565e-16
143,D19Y,25,4,fa_ref2015,-0.21355423939223783,0.0,1.131901320798363,2.220446049250313e-16,1.0658141036401503e-14,0.3793185279704687,-0.5883268446131069,0.06356343622502436,0.006000018715553779,1.0682884151288903,0.0,0.014157882606980365,-1.7763568394002505e-15,3.552713678800501e-15,0.0,0.0,0.0,1.8613485174407174,0.0
144,D19Y,25,5,fa_ref2015,0.7260551759823102,2.842170943040401e-14,1.0157957166047424,-2.4424906541753444e-15,0.0,-0.23045603749859822,-1.3977136425186814,-0.02873006212546869,-0.009102233217603839,0.8754943128730659,7.105427357601002e-15,-0.08208075919042557,0.0,3.552713678800501e-15,2.220446049250313e-16,-3.552713678800501e-15,0.0,0.8692624709090637,0.0
145,D19Y,25,6,fa_ref2015,0.10967313591072525,0.0,0.09550210507907764,-8.881784197001252e-16,4.973799150320701e-14,0.11165080265759286,0.03810391212027753,0.046640658151588354,-0.0015859607681605326,0.01614971163037815,7.105427357601002e-15,0.0011955105768457486,-1.7763568394002505e-15,3.552713678800501e-15,0.0,-3.552713678800501e-15,0.0,0.41732987536028077,1.1102230246251565e-16
146,D19Y,25,7,fa_ref2015,0.6062240667297374,2.842170943040401e-14,-0.9213162830227759,8.659739592076221e-15,-4.973799150320701e-14,-0.13326965016405268,-1.2580954788361396,0.005975447450889959,6.531282000921124e-05,0.1525827962129842,0.0,0.2526023932219701,0.0,3.552713678800501e-15,0.0,3.552713678800501e-15,0.0,-1.295231395588928,1.1102230246251565e-16
147,D19Y,25,8,fa_ref2015,0.07923589076369808,0.0,0.2312915537786182,-1.7763568394002505e-15,-7.105427357601002e-15,0.10622330711238703,0.10054846857178745,0.08707640775251235,-0.00836040072511679,-0.06516325716966254,-7.105427357601002e-15,-0.04029878547221699,1.7763568394002505e-15,3.552713678800501e-15,-2.220446049250313e-16,0.0,0.0,0.4905531846124518,0.0
148,D19Y,25,9,fa_ref2015,0.6712593952009911,2.842170943040401e-14,2.014749674102262,4.440892098500626e-16,8.881784197001252e-14,-0.23270803116923844,-1.572561754566209,0.013590342572697978,-0.010547416763046158,0.8303796474557803,7.105427357601002e-15,-0.00490901072318195,-1.7763568394002505e-15,3.552713678800501e-15,2.220446049250313e-16,-3.552713678800501e-15,0.0,1.7092528461108714,-1.1102230246251565e-16
149,D19Y,25,10,fa_ref2015,0.38431440179920173,2.842170943040401e-14,1.7726458778488734,-3.3306690738754696e-15,-4.263256414560601e-14,0.19594130926971332,-1.9022660740393462,0.024785534349067717,0.000636029965932039,1.3745680995367113,7.105427357601002e-15,0.1779743085705121,0.0,0.0,2.220446049250313e-16,0.0,0.0,2.0285994873007667,0.0
150,D19Y,25,11,fa_ref2015,0.10868782727834514,-2.842170943040401e-14,0.5386374583854661,2.220446049250313e-15,-6.394884621840902e-14,0.06224853103708483,0.12944615627355915,0.08559721111671337,-0.004202390475963824,-0.12740166544423115,7.105427357601002e-15,-0.044694322002921893,0.0,-3.552713678800501e-15,-2.220446049250313e-16,0.0,0.0,0.7483188061671626,0.0
151,D19Y,25,12,fa_ref2015,-0.3524999296964779,0.0,-0.1663202868565179,-5.10702591327572e-15,-1.4210854715202004e-13,0.24438723734162693,0.5807617760331141,0.05065941330021673,0.003646108429926187,-0.08254155140301211,0.0,0.08311935712865903,0.0,3.552713678800501e-15,2.220446049250313e-16,3.552713678800501e-15,0.0,0.36121212427639193,0.0
152,D19Y,25,13,fa_ref2015,-0.3346966496934556,0.0,-0.37602533625798173,1.509903313490213e-14,-1.7763568394002505e-14,0.2852870045177269,1.4294810923317414,0.3080793377481932,-0.007915923356879517,-1.0855318374564433,-7.105427357601002e-15,-0.06930309626322284,0.0,3.552713678800501e-15,0.0,-3.552713678800501e-15,0.0,0.1493745915679483,5.551115123125783e-17
153,D19Y,25,14,fa_ref2015,-0.06613369001070168,0.0,0.37614096352956494,3.5083047578154947e-14,-7.460698725481052e-14,0.06262770691277808,0.5085511640789377,0.14058424547528503,-0.002203499210096993,0.09830954532359826,7.105427357601002e-15,-0.2806264177643172,0.0,3.552713678800501e-15,0.0,3.552713678800501e-15,0.0,0.837250018336249,0.0
154,D19Y,25,15,fa_ref2015,-0.5306583645020737,0.0,-0.28711306715095475,1.5543122344752192e-15,-3.552713678800501e-14,0.3370834135474041,0.3767156319062792,0.16118880842849848,-0.0012016119738902376,0.1162935615525349,0.0,0.07529911674746614,0.0,0.0,2.220446049250313e-16,-3.552713678800501e-15,0.0,0.2476074885557864,5.551115123125783e-17
155,D19Y,25,16,fa_ref2015,0.3781360705614816,2.842170943040401e-14,1.4256091715443517,-2.6645352591003757e-15,-2.1316282072803006e-14,-0.40437266951167317,-0.30299407685652113,0.06358796581294612,-0.011688480936584256,-0.1980542416688138,0.0,-0.4210662436723922,-1.7763568394002505e-15,0.0,0.0,3.552713678800501e-15,0.0,0.5291574952719316,0.0
156,D19Y,25,17,fa_ref2015,-0.47046525297685093,0.0,-0.04059236233879915,1.5543122344752192e-15,-3.552713678800501e-14,0.44272489815445226,0.47685488798708775,0.12324591269225493,0.0009100482252435427,0.04561634852773544,0.0,0.09924457998880243,0.0,0.0,-2.220446049250313e-16,0.0,0.0,0.6775390602587663,0.0
157,D19Y,25,18,fa_ref2015,-0.17482299188679917,0.0,-1.3101989604577113,1.3322676295501878e-15,1.0658141036401503e-13,0.33469580941590493,-0.2007237916660074,-0.01899389971727672,0.0043055181894402494,0.010822093975507485,7.105427357601002e-15,0.25314003741463154,0.0,0.0,0.0,3.552713678800501e-15,0.0,-1.1017761847328984,0.0
158,D19Y,25,19,fa_ref2015,0.3328177922712712,0.0,1.5652975816525156,-9.325873406851315e-15,1.4210854715202004e-14,-0.02602667224515187,-0.6283749094878885,0.10430316669546968,0.0008080009955442335,0.9240193300876225,0.0,0.025797574804443002,-1.7763568394002505e-15,0.0,2.220446049250313e-16,0.0,0.0,2.2986418647741402,0.0
159,D19Y,25,20,fa_ref2015,0.24008708415590263,0.0,-1.3334043777643387,0.0,9.237055564881302e-14,-0.16839578663751809,-0.6386518644762305,-0.026669216950704566,0.009142859727475638,0.07143683519353239,-7.105427357601002e-15,-0.000239191396602223,1.7763568394002505e-15,0.0,-2.220446049250313e-16,0.0,0.0,-1.8466936581485243,-1.1102230246251565e-16
160,D19Y,25,21,fa_ref2015,-0.019217088895288725,2.842170943040401e-14,0.09880269828488508,8.215650382226158e-15,7.815970093361102e-14,0.06706769304581428,0.4689167343116196,0.08438647875346561,-0.0006201308558857477,-0.4103577572877839,0.0,-0.1550692099480102,1.7763568394002505e-15,0.0,0.0,0.0,0.0,0.13390941740777862,5.551115123125783e-17
161,D19Y,25,22,fa_ref2015,-1.0153088464102211,2.842170943040401e-14,0.12260931402866504,1.532107773982716e-14,-1.3500311979441904e-13,0.35711881824782665,1.19133040846242,0.2671053760636717,0.018221046653778217,0.033339021442397865,7.105427357601002e-15,-0.04028859060664658,0.0,0.0,2.220446049250313e-16,-3.552713678800501e-15,0.0,0.9341265478809078,-2.220446049250313e-16
162,D19Y,25,23,fa_ref2015,0.41894002830588306,0.0,-1.2167436718551699,8.881784197001252e-15,7.105427357601002e-14,-0.05235042657150757,-1.0439089267286477,0.025332884180706117,-0.0012452239996143533,0.028640207894966352,-7.105427357601002e-15,0.2485151431306818,0.0,0.0,2.220446049250313e-16,0.0,0.0,-1.5928199856428478,0.0
163,D19Y,25,24,fa_ref2015,-0.2181349832947035,0.0,-0.04990735659239931,3.552713678800501e-15,3.552713678800501e-15,0.2919118991529359,0.43948424824748145,-0.008380190880831861,-0.002389696703115618,0.18263212847543464,7.105427357601002e-15,-0.18612284849247018,0.0,0.0,0.0,3.552713678800501e-15,0.0,0.44909319991052143,0.0
164,D19Y,25,25,fa_ref2015,-0.25167587680050474,0.0,-0.394399258671541,-1.1102230246251565e-15,3.552713678800501e-14,0.0903823538737214,0.6210955356343675,-0.039042189557740414,-0.0009350501188158944,-0.0019860184342448406,0.0,-0.010177252069912157,0.0,0.0,-2.220446049250313e-16,0.0,0.0,0.013262243855479028,0.0
165,D19Y,25,26,fa_ref2015,0.12543391654685365,0.0,-1.2897234361613812,2.220446049250313e-15,5.684341886080802e-14,-0.6291959198884172,-0.43412382551684914,-0.01799143602938358,-0.03331911121335551,0.012762613730963324,7.105427357601002e-15,-1.0241234923580862,0.0,0.0,0.0,0.0,0.0,-3.290280690889176,0.0
166,D19Y,25,27,fa_ref2015,0.5722166984166961,0.0,1.0296178602930581,-2.220446049250313e-16,-7.815970093361102e-14,-0.09090844963925804,-1.71075964540222,0.024665268400152485,0.005761527067623007,1.1958210181494557,0.0,0.14201226338341044,1.7763568394002505e-15,-3.552713678800501e-15,2.220446049250313e-16,0.0,0.0,1.1684265406689747,1.1102230246251565e-16
167,D19Y,25,28,fa_ref2015,-0.8953891371685359,0.0,-1.9638025126657794,-7.771561172376096e-15,-4.263256414560601e-14,0.019191868446483795,0.5743269773593056,-0.03260667701962561,0.021825026508757617,-1.4808422465232578,0.0,0.5326498733701115,0.0,0.0,0.0,0.0,0.0,-3.224646827692652,-1.1102230246251565e-16
168,D19Y,25,29,fa_ref2015,0.7018717608349334,0.0,-0.9636579006142654,-7.105427357601002e-15,-1.7053025658242404e-13,-0.2214680873478585,-1.3404149098695939,0.010936633770004534,-0.006108419982549407,0.09014887284689088,7.105427357601002e-15,0.01777213468171368,0.0,3.552713678800501e-15,2.220446049250313e-16,3.552713678800501e-15,0.0,-1.7109199156793693,-1.1102230246251565e-16
169,D19Y,25,30,fa_ref2015,-0.588328738984842,2.842170943040401e-14,0.12285964040148656,2.4424906541753444e-15,6.039613253960852e-14,0.5580620331408284,0.4623424389241677,0.09927021473328423,-0.011848661953333561,0.06736519691298337,0.0,0.022394116434348632,-1.7763568394002505e-15,0.0,0.0,0.0,0.0,0.7321162396100931,1.1102230246251565e-16
170,D19Y,25,31,fa_ref2015,0.9489727681244631,0.0,2.3247696864885086,-5.551115123125783e-15,-1.7763568394002505e-14,0.010835113019538767,-2.539897927372067,-0.021193992647940973,-0.009684523449820404,2.6767213133366656,-7.105427357601002e-15,-0.17333199972519253,0.0,-3.552713678800501e-15,-2.220446049250313e-16,0.0,0.0,3.217190437775457,0.0
171,D19Y,25,32,fa_ref2015,-0.4819244584759872,-2.842170943040401e-14,-0.18931416145770186,-4.6629367034256575e-15,4.973799150320701e-14,0.6360086756641152,0.7219495212038396,0.14946833050059638,-0.006029101606600307,0.820163416127027,7.105427357601002e-15,-0.10614522515595226,-1.7763568394002505e-15,3.552713678800501e-15,0.0,-3.552713678800501e-15,0.0,1.5441769967999335,-1.1102230246251565e-16
172,D19Y,25,33,fa_ref2015,0.38888684197934253,2.842170943040401e-14,-0.6396870977332298,-7.105427357601002e-15,0.0,0.14366520372337988,-0.634270934822041,-0.0031875037310946652,-0.002539690148601892,-0.04757509469789145,0.0,-0.04407749510998471,-1.7763568394002505e-15,0.0,2.220446049250313e-16,-3.552713678800501e-15,0.0,-0.83878577053963,0.0
173,D19Y,25,34,fa_ref2015,-0.3528073320683234,2.842170943040401e-14,1.3208388381146676,4.440892098500626e-15,1.7763568394002505e-14,0.5693506509193043,-1.5327601325868159,0.10645984306768952,0.009066353456727683,1.5417081856188624,-7.105427357601002e-15,-0.11913281251185026,-1.7763568394002505e-15,3.552713678800501e-15,0.0,3.552713678800501e-15,0.0,1.542723594009317,-5.551115123125783e-17
174,D19Y,25,35,fa_ref2015,1.011936855644194,0.0,1.254908307063971,8.659739592076221e-15,-6.394884621840902e-14,-0.21768632808201005,-2.1188820697778397,0.010341530185314696,-0.01834314223572875,1.3602860418108786,0.0,-0.04303963937248412,0.0,0.0,0.0,0.0,0.0,1.2395215552343757,0.0
