"","gyrR","sas1","sas2","isok"
"913",0.796649,0.363,0.038,TRUE
"804",0.821015,0.325,0.038,TRUE
"300",0.833449,0.212,0.038,TRUE
"466",0.838224,0.288,0.038,TRUE
"308",0.84652,0.212,0.038,TRUE
"135",0.848505,0.25,0.038,TRUE
"938",0.858094,0.174,0.038,TRUE
"261",0.859106,0.363,0.038,TRUE
"157",0.863286,0.288,0.038,TRUE
"701",0.872809,0.325,0.038,TRUE
"112",0.875793,0.325,0,TRUE
"89",0.87705,0.288,0,TRUE
"610",0.877455,0.25,0.038,TRUE
"790",0.879728,0.288,0.038,TRUE
"40",0.884401,0.325,0.038,TRUE
"994",0.887986,0.212,0.038,TRUE
"699",0.889347,0.174,0.038,TRUE
"930",0.890451,0.212,0.038,TRUE
"493",0.892231,0.144,0.038,TRUE
"343",0.89499,0.25,0.038,TRUE
"848",0.895164,0.325,0.038,TRUE
"386",0.896314,0.137,0.038,TRUE
"340",0.900998,0.288,0.038,TRUE
"349",0.902155,0.325,0.038,TRUE
"246",0.903267,0.182,0.038,TRUE
"341",0.90372,0.288,0.038,TRUE
"182",0.910902,0.174,0.038,TRUE
"171",0.910932,0.25,0.038,TRUE
"935",0.91118,0.212,0.038,TRUE
"791",0.912766,0.25,0.038,TRUE
"454",0.913642,0.25,0.038,TRUE
"414",0.914178,0.137,0.038,TRUE
"172",0.914568,0.212,0.038,TRUE
"741",0.914666,0.182,0.038,TRUE
"547",0.915537,0.25,0.038,TRUE
"958",0.916333,0.325,0.038,TRUE
"820",0.917968,0.25,0.038,TRUE
"162",0.918123,0.288,0.038,TRUE
"6",0.918996,0.25,0.038,TRUE
"922",0.919381,0.106,0,TRUE
"20",0.92043,0.325,0.038,TRUE
"678",0.920484,0.363,0.038,TRUE
"927",0.920798,0.174,0.038,TRUE
"14",0.920969,0.325,0.038,TRUE
"946",0.923588,0.212,0.038,TRUE
"258",0.923995,0.212,0,TRUE
"11",0.92712,0.106,0.038,TRUE
"608",0.927143,0.288,0.038,TRUE
"415",0.93066,0.363,0.038,TRUE
"985",0.933239,0.325,0,TRUE
"580",0.936357,0.288,0.038,TRUE
"476",0.939095,0.25,0.038,TRUE
"187",0.942585,0.288,0.038,TRUE
"613",0.942661,0.174,0.038,TRUE
"711",0.943558,0.325,0.038,TRUE
"378",0.943952,0.25,0.038,TRUE
"26",0.945313,0.212,0.038,TRUE
"544",0.945437,0.325,0,TRUE
"664",0.951357,0.212,0.038,TRUE
"393",0.95145,0.401,0.038,TRUE
"730",0.95273,0.288,0.038,TRUE
"101",0.955978,0.325,0.038,TRUE
"832",0.957149,0.25,0.038,TRUE
"756",0.959275,0.401,0.038,TRUE
"513",0.961578,0.25,0,TRUE
"319",0.961721,0.075,0.038,TRUE
"499",0.962288,0.325,0.038,TRUE
"653",0.962968,0.363,0.038,TRUE
"92",0.963147,0.25,0.038,TRUE
"437",0.963976,0.363,0.038,TRUE
"3",0.964,0.363,0.038,TRUE
"123",0.96522,0.25,0.038,TRUE
"345",0.965811,0.137,0.038,TRUE
"603",0.966218,0.25,0.038,TRUE
"387",0.966276,0.25,0.038,TRUE
"75",0.966531,0.25,0.038,TRUE
"747",0.967637,0.325,0.038,TRUE
"207",0.968424,0.288,0.038,TRUE
"841",0.968596,0.401,0.038,TRUE
"974",0.969303,0.288,0.038,TRUE
"511",0.969339,0.363,0,TRUE
"161",0.969367,0.216,0.038,TRUE
"344",0.969497,0.25,0.038,TRUE
"807",0.970739,0.325,0.038,TRUE
"104",0.971668,0.25,0.038,TRUE
"769",0.972728,0.288,0.038,TRUE
"619",0.973078,0.212,0.038,TRUE
"186",0.973105,0.363,0.038,TRUE
"642",0.973126,0.25,0,TRUE
"975",0.973983,0.363,0.038,TRUE
"27",0.974859,0.363,0,TRUE
"507",0.975218,0.401,0.038,TRUE
"276",0.975657,0.325,0,TRUE
"844",0.977091,0.325,0,TRUE
"326",0.978165,0.363,0,TRUE
"697",0.978193,0.174,0.038,TRUE
"107",0.978475,0.363,0.038,TRUE
"667",0.979315,0.25,0.038,TRUE
"969",0.980103,0.212,0.038,TRUE
"457",0.980619,0.212,0.038,TRUE
"468",0.981347,0.25,0.038,TRUE
"396",0.981423,0.25,0.038,TRUE
"809",0.982043,0.325,0,TRUE
"50",0.982222,0.363,0.038,TRUE
"885",0.983284,0.25,0.038,TRUE
"436",0.984557,0.401,0.038,TRUE
"46",0.984583,0.25,0.038,TRUE
"337",0.98464,0.25,0.038,TRUE
"120",0.98467,0.401,0.038,TRUE
"835",0.984913,0.288,0,TRUE
"486",0.985015,0.325,0.038,TRUE
"375",0.985505,0.363,0.038,TRUE
"363",0.987063,0.25,0.038,TRUE
"410",0.988467,0.325,0.038,TRUE
"156",0.989714,0.325,0,TRUE
"85",0.99233,0.25,0,TRUE
"443",0.994049,0.325,0.038,TRUE
"136",0.994371,0.325,0.038,TRUE
"31",0.995206,0.363,0.038,TRUE
"392",0.995826,0.363,0.038,TRUE
"614",0.996729,0.325,0,TRUE
"698",0.99744,0.174,0.038,TRUE
"616",0.997727,0.288,0.038,TRUE
"821",0.99931,0.212,0.038,TRUE
"527",1.00119,0.325,0.038,TRUE
"180",1.00191,0.401,0.038,TRUE
"528",1.0021,0.363,0,TRUE
"940",1.00218,0.25,0.038,TRUE
"179",1.00298,0.216,0,TRUE
"125",1.00313,0.325,0,TRUE
"147",1.0039,0.363,0,TRUE
"564",1.00407,0.212,0,TRUE
"330",1.00433,0.25,0.038,TRUE
"849",1.00696,0.401,0,TRUE
"589",1.00706,0.174,0.038,TRUE
"129",1.00764,0.25,0.038,TRUE
"532",1.00783,0.25,0,TRUE
"291",1.00787,0.212,0.038,TRUE
"672",1.00858,0.325,0.038,TRUE
"762",1.00897,0.113,0.038,TRUE
"768",1.00901,0.25,0.038,TRUE
"525",1.00904,0.363,0.038,TRUE
"475",1.00972,0.288,0.038,TRUE
"611",1.00979,0.288,0,TRUE
"712",1.01004,0.363,0.038,TRUE
"907",1.01038,0.439,0.038,TRUE
"315",1.01284,0.476,0.038,TRUE
"763",1.0145,0.325,0.038,TRUE
"565",1.0148,0.288,0,TRUE
"36",1.01484,0.25,0.038,TRUE
"955",1.01503,0.137,0.038,TRUE
"816",1.01587,0.325,0.038,TRUE
"953",1.01587,0.25,0.038,TRUE
"951",1.01634,0.113,0.038,TRUE
"292",1.01854,0.25,0.038,TRUE
"846",1.01877,0.212,0.038,TRUE
"397",1.02162,0.25,0,TRUE
"990",1.02195,0.288,0.038,TRUE
"184",1.02206,0.288,0,TRUE
"49",1.02381,0.25,0.038,TRUE
"235",1.02395,0.325,0,TRUE
"478",1.02473,0.401,0.038,TRUE
"4",1.02479,0.212,0.038,TRUE
"338",1.02495,0.325,0.038,TRUE
"305",1.02498,0.363,0.038,TRUE
"628",1.02522,0.325,0.038,TRUE
"260",1.02563,0.25,0.038,TRUE
"265",1.02578,0.288,0,TRUE
"956",1.02732,0.325,0.038,TRUE
"719",1.02737,0.178,0.038,TRUE
"353",1.02747,0.325,0.038,TRUE
"140",1.02748,0.325,0.038,TRUE
"692",1.02749,0.325,0.038,TRUE
"66",1.02774,0.25,0.038,TRUE
"860",1.02802,0.212,0.038,TRUE
"779",1.02903,0.363,0,TRUE
"936",1.0292,0.288,0.038,TRUE
"921",1.02944,0.219,0.038,TRUE
"910",1.03084,0.075,0.038,TRUE
"262",1.03147,0.288,0.038,TRUE
"38",1.03228,0.068,0.038,TRUE
"311",1.0327,0.291,0.038,TRUE
"970",1.03357,0.325,0,TRUE
"58",1.03392,0.325,0.038,TRUE
"370",1.03657,0.325,0,TRUE
"843",1.03758,0.325,0.038,TRUE
"916",1.03975,0.106,0.038,TRUE
"636",1.03983,0.325,0,TRUE
"348",1.04023,0.325,0.038,TRUE
"729",1.04073,0.288,0.038,TRUE
"780",1.04085,0.174,0,TRUE
"691",1.04086,0.401,0.038,TRUE
"288",1.04165,0.325,0.038,TRUE
"800",1.04185,0.25,0.038,TRUE
"864",1.04187,0.325,0,TRUE
"483",1.04287,0.288,0.038,TRUE
"438",1.04389,0.363,0,TRUE
"350",1.04466,0.401,0,TRUE
"686",1.04484,0.288,0.038,TRUE
"740",1.04657,0.325,0.038,TRUE
"13",1.04666,0.103,0,TRUE
"78",1.04668,0.401,0.038,TRUE
"332",1.04718,0.325,0.038,TRUE
"498",1.04871,0.212,0.038,TRUE
"602",1.05,0.363,0.038,TRUE
"124",1.05016,0.363,0.038,TRUE
"380",1.05025,0.137,0.038,TRUE
"318",1.05093,0.25,0,TRUE
"744",1.05129,0.439,0.038,TRUE
"445",1.05147,0.401,0.038,TRUE
"1",1.05196,0.25,0,TRUE
"909",1.05197,0.25,0.038,TRUE
"606",1.05321,0.288,0.038,TRUE
"806",1.0533,0.288,0,TRUE
"560",1.05402,0.25,0.038,TRUE
"597",1.05405,0.439,0.038,TRUE
"159",1.0547,0.476,0.038,TRUE
"941",1.055,0.363,0.038,TRUE
"8",1.05543,0.25,0,TRUE
"556",1.05561,0.212,0.038,TRUE
"993",1.05575,0.212,0.038,TRUE
"898",1.05702,0.363,0.038,TRUE
"757",1.05932,0.401,0.038,TRUE
"748",1.06018,0.363,0.038,TRUE
"391",1.06142,0.325,0,TRUE
"408",1.06208,0.106,0.038,TRUE
"505",1.06208,0,0.038,TRUE
"33",1.06275,0.288,0,TRUE
"128",1.06315,0.325,0.038,TRUE
"693",1.06459,0.25,0.038,TRUE
"196",1.06551,0.363,0,TRUE
"812",1.06588,0.401,0.038,TRUE
"272",1.0669,0.25,0,TRUE
"685",1.06738,0.174,0.038,TRUE
"522",1.06812,0.363,0.038,TRUE
"783",1.06813,0.439,0,TRUE
"624",1.0685,0.25,0.038,TRUE
"798",1.06892,0.325,0.038,TRUE
"512",1.07053,0.25,0,TRUE
"650",1.07115,0.25,0.038,TRUE
"113",1.07118,0.288,0,TRUE
"506",1.07157,0.288,0.038,TRUE
"847",1.07229,0.401,0.038,TRUE
"231",1.07354,0.325,0.038,TRUE
"788",1.07399,0.325,0,TRUE
"72",1.0743,0.363,0,TRUE
"491",1.07439,0.325,0,TRUE
"371",1.07463,0.25,0.038,TRUE
"229",1.07483,0.325,0.038,TRUE
"52",1.07612,0.212,0,TRUE
"635",1.07679,0.439,0.038,TRUE
"571",1.07682,0.291,0.038,TRUE
"56",1.07877,0.174,0.038,TRUE
"403",1.08061,0.182,0.038,TRUE
"617",1.08065,0.212,0.038,TRUE
"250",1.08122,0.401,0.038,TRUE
"704",1.08127,0.288,0.038,TRUE
"731",1.08131,0.14,0.038,TRUE
"550",1.08145,0.25,0.075,TRUE
"855",1.0818,0.25,0,TRUE
"432",1.08188,0.288,0,TRUE
"448",1.08216,0.325,0.038,TRUE
"687",1.08296,0.401,0.038,TRUE
"797",1.08419,0.25,0.038,TRUE
"837",1.08513,0.325,0.038,TRUE
"509",1.08528,0.25,0.038,TRUE
"894",1.08555,0.401,0.038,TRUE
"803",1.08563,0.212,0,TRUE
"335",1.08579,0.288,0.038,TRUE
"585",1.08746,0.212,0.038,TRUE
"726",1.08753,0.325,0.038,TRUE
"943",1.08788,0.174,0.038,TRUE
"714",1.08817,0.476,0.075,TRUE
"23",1.08871,0.25,0.038,TRUE
"83",1.08871,0.288,0.038,TRUE
"805",1.08934,0.325,0.038,TRUE
"949",1.09069,0.325,0.038,TRUE
"620",1.09086,0.476,0.038,TRUE
"683",1.09108,0.401,0.038,TRUE
"548",1.09129,0.401,0.038,TRUE
"978",1.09392,0.25,0,TRUE
"871",1.09433,0.147,0.038,TRUE
"754",1.09446,0.212,0.075,TRUE
"362",1.09457,0.25,0.038,TRUE
"738",1.09511,0.25,0.038,TRUE
"425",1.09536,0.212,0.038,TRUE
"151",1.09571,0.363,0.038,TRUE
"190",1.0961,0.25,0.038,TRUE
"355",1.09612,0.363,0,TRUE
"165",1.09734,0.288,0,TRUE
"357",1.09756,0.401,0.038,TRUE
"961",1.09803,0.068,0.038,TRUE
"441",1.09821,0.476,0.038,TRUE
"296",1.0983,0.288,0.038,TRUE
"367",1.09876,0.325,0.038,TRUE
"100",1.1002,0.363,0.038,TRUE
"822",1.10059,0.363,0,TRUE
"122",1.10115,0.325,0.038,TRUE
"189",1.10125,0.325,0.038,TRUE
"845",1.10171,0,0.038,TRUE
"607",1.10231,0.25,0.038,TRUE
"758",1.10245,0.439,0.038,TRUE
"934",1.10356,0.363,0.038,TRUE
"634",1.10367,0.25,0,TRUE
"681",1.10408,0.212,0,TRUE
"467",1.10539,0.401,0.038,TRUE
"267",1.10541,0.363,0,TRUE
"442",1.10627,0.216,0.038,TRUE
"361",1.10654,0.288,0.075,TRUE
"449",1.10694,0.325,0.038,TRUE
"786",1.10711,0.174,0,TRUE
"869",1.10771,0.25,0.038,TRUE
"211",1.10837,0.401,0,TRUE
"887",1.10847,0.25,0,TRUE
"383",1.10914,0.363,0.038,TRUE
"173",1.11003,0.401,0.038,TRUE
"656",1.11005,0.325,0,TRUE
"16",1.11134,0.439,0,TRUE
"241",1.11138,0.288,0.038,TRUE
"293",1.11165,0.363,0,TRUE
"281",1.11185,0.25,0.038,TRUE
"236",1.11243,0.288,0.038,TRUE
"997",1.11299,0.325,0,TRUE
"220",1.11324,0.288,0.038,TRUE
"886",1.11493,0.439,0.038,TRUE
"237",1.11494,0.439,0.038,TRUE
"388",1.11516,0.325,0.038,TRUE
"622",1.1156,0.212,0,TRUE
"609",1.11562,0.401,0.038,TRUE
"465",1.11745,0.174,0.038,TRUE
"223",1.1176,0.325,0.038,TRUE
"867",1.11878,0.363,0.038,TRUE
"796",1.11951,0.25,0.038,TRUE
"563",1.11979,0.325,0.038,TRUE
"517",1.11992,0.363,0.038,TRUE
"277",1.12006,0.325,0.038,TRUE
"718",1.12011,0.401,0.038,TRUE
"977",1.12109,0.147,0.038,TRUE
"495",1.12129,0.476,0.038,TRUE
"784",1.1214,0.25,0.038,TRUE
"480",1.12218,0.212,0,TRUE
"659",1.12353,0.288,0.038,TRUE
"825",1.12388,0.212,0.038,TRUE
"227",1.1241,0.075,0,TRUE
"600",1.12497,0.212,0.038,TRUE
"412",1.12594,0.325,0,TRUE
"553",1.12668,0.363,0,TRUE
"670",1.12726,0.174,0,TRUE
"856",1.1276,0.401,0,TRUE
"917",1.12955,0.363,0.038,TRUE
"706",1.12985,0.439,0,TRUE
"735",1.13,0.401,0,TRUE
"669",1.13032,0.439,0.038,TRUE
"424",1.13046,0.401,0.038,TRUE
"55",1.13138,0.325,0,TRUE
"24",1.13139,0.401,0,TRUE
"439",1.13172,0.363,0,TRUE
"972",1.13183,0.325,0,TRUE
"257",1.13252,0.363,0,TRUE
"32",1.13269,0.325,0.038,TRUE
"12",1.13283,0.174,0.038,TRUE
"18",1.13303,0.363,0.038,TRUE
"259",1.13323,0.288,0,TRUE
"427",1.13347,0.25,0,TRUE
"986",1.13382,0.25,0,TRUE
"578",1.13408,0.401,0,TRUE
"28",1.13426,0.476,0.038,TRUE
"901",1.13426,0.329,0.038,TRUE
"795",1.13435,0.439,0.038,TRUE
"422",1.13471,0.253,0.038,TRUE
"102",1.13489,0.363,0.038,TRUE
"595",1.13491,0.363,0.038,TRUE
"815",1.13501,0.363,0.038,TRUE
"19",1.13518,0.325,0.038,TRUE
"647",1.13584,0.363,0.038,TRUE
"666",1.13655,0.325,0.038,TRUE
"908",1.13669,0.439,0.038,TRUE
"929",1.13697,0.137,0.038,TRUE
"423",1.13738,0.174,0,TRUE
"501",1.13847,0.363,0.038,TRUE
"633",1.13886,0.174,0.038,TRUE
"679",1.13913,0.25,0.038,TRUE
"248",1.13962,0.219,0.038,TRUE
"413",1.13963,0.212,0.038,TRUE
"221",1.13992,0.212,0.038,TRUE
"462",1.14004,0.137,0.038,TRUE
"309",1.14017,0.174,0,TRUE
"833",1.14038,0.439,0.038,TRUE
"903",1.14041,0.363,0.038,TRUE
"409",1.14066,0.137,0,TRUE
"351",1.14145,0.363,0.038,TRUE
"852",1.14149,0.212,0,TRUE
"470",1.14199,0.363,0.038,TRUE
"515",1.14207,0.325,0,TRUE
"204",1.14322,0.325,0.038,TRUE
"118",1.14344,0.25,0.038,TRUE
"700",1.14418,0.325,0.038,TRUE
"989",1.14766,0.174,0.038,TRUE
"814",1.14788,0.401,0.038,TRUE
"721",1.14791,0.401,0,TRUE
"568",1.14795,0.288,0.038,TRUE
"516",1.14824,0.25,0.038,TRUE
"926",1.14892,0.401,0.038,TRUE
"500",1.1494,0.325,0.038,TRUE
"368",1.14942,0.288,0,TRUE
"737",1.14973,0.178,0.038,TRUE
"520",1.15126,0.363,0.038,TRUE
"416",1.15154,0.174,0.038,TRUE
"177",1.15157,0.476,0.038,TRUE
"690",1.15165,0.25,0.038,TRUE
"103",1.15173,0.325,0,TRUE
"170",1.15183,0.325,0,TRUE
"385",1.15257,0.288,0.038,TRUE
"878",1.15302,0.363,0.038,TRUE
"918",1.15365,0.25,0.038,TRUE
"966",1.15385,0.401,0.038,TRUE
"808",1.15487,0.288,0.038,TRUE
"583",1.15494,0.401,0.038,TRUE
"959",1.15494,0.212,0,TRUE
"859",1.15547,0.25,0.038,TRUE
"144",1.15581,0.363,0.038,TRUE
"430",1.15618,0.325,0.038,TRUE
"630",1.15636,0.212,0.038,TRUE
"148",1.15763,0.288,0.038,TRUE
"767",1.15861,0.401,0.038,TRUE
"158",1.15884,0.439,0.038,TRUE
"67",1.15893,0.363,0.038,TRUE
"623",1.15988,0.401,0,TRUE
"625",1.15994,0.103,0.038,TRUE
"618",1.16018,0.25,0,TRUE
"827",1.1607,0.363,0,TRUE
"546",1.16199,0.439,0,TRUE
"830",1.16278,0.212,0.038,TRUE
"543",1.16285,0.325,0.038,TRUE
"329",1.16326,0.288,0,TRUE
"851",1.16401,0.288,0,TRUE
"334",1.16404,0.25,0.038,TRUE
"365",1.1642,0.212,0,TRUE
"838",1.16439,0.401,0.038,TRUE
"289",1.16497,0.325,0.038,TRUE
"850",1.16536,0.363,0.038,TRUE
"680",1.16559,0.147,0,TRUE
"9",1.16583,0.325,0.038,TRUE
"446",1.16595,0.363,0.038,TRUE
"453",1.1664,0.212,0.038,TRUE
"759",1.16683,0.288,0.038,TRUE
"947",1.16748,0.325,0.038,TRUE
"581",1.16799,0.178,0,TRUE
"662",1.1691,0.363,0.038,TRUE
"879",1.16939,0.174,0.038,TRUE
"594",1.16976,0.401,0.038,TRUE
"256",1.17059,0.212,0.038,TRUE
"884",1.17078,0.325,0,TRUE
"208",1.1709,0.325,0.038,TRUE
"588",1.17139,0.401,0.038,TRUE
"829",1.17192,0.288,0.038,TRUE
"282",1.17197,0.25,0.038,TRUE
"626",1.17218,0.325,0,TRUE
"346",1.17293,0.212,0.038,TRUE
"736",1.17313,0.363,0.038,TRUE
"98",1.17345,0.363,0.038,TRUE
"328",1.17357,0.212,0.038,TRUE
"460",1.1737,0.257,0.038,TRUE
"169",1.17395,0.034,0,TRUE
"866",1.17526,0.325,0,TRUE
"897",1.17532,0.212,0.038,TRUE
"297",1.17605,0.068,0.038,TRUE
"787",1.17657,0.325,0.038,TRUE
"890",1.17663,0.212,0.038,TRUE
"572",1.17706,0.439,0,TRUE
"778",1.17737,0.174,0.038,TRUE
"193",1.17742,0.288,0,TRUE
"342",1.17764,0.325,0.038,TRUE
"155",1.17767,0.174,0.038,TRUE
"59",1.17811,0.476,0.038,TRUE
"648",1.17857,0.401,0,TRUE
"411",1.17864,0.174,0.038,TRUE
"57",1.17925,0.476,0,TRUE
"218",1.17932,0.363,0.038,TRUE
"531",1.17951,0.212,0.038,TRUE
"957",1.17995,0.325,0.038,TRUE
"599",1.17999,0.212,0.038,TRUE
"45",1.18022,0.363,0.038,TRUE
"481",1.18056,0.439,0.038,TRUE
"44",1.18076,0.439,0,TRUE
"206",1.18083,0.288,0,TRUE
"286",1.18167,0.333,0.038,TRUE
"539",1.18183,0.363,0.038,TRUE
"755",1.18199,0.25,0.038,TRUE
"192",1.18203,0.325,0.038,TRUE
"434",1.18239,0.219,0,TRUE
"461",1.18263,0.401,0.038,TRUE
"772",1.18273,0.439,0.038,TRUE
"971",1.18318,0.223,0.038,TRUE
"567",1.18359,0.363,0.038,TRUE
"549",1.18374,0.174,0.038,TRUE
"651",1.18382,0.288,0,TRUE
"526",1.18469,0.363,0.038,TRUE
"882",1.18498,0.288,0,TRUE
"194",1.18529,0.329,0,TRUE
"440",1.18595,0.476,0.038,TRUE
"877",1.18688,0.363,0,TRUE
"299",1.18702,0.11,0.038,TRUE
"554",1.18703,0.174,0.038,TRUE
"347",1.1871,0.476,0.038,TRUE
"896",1.18716,0.137,0.038,TRUE
"494",1.18759,0.288,0.038,TRUE
"562",1.18763,0.401,0,TRUE
"727",1.18775,0.401,0.038,TRUE
"39",1.18832,0.325,0,TRUE
"197",1.18922,0.363,0,TRUE
"64",1.1894,0.291,0.038,TRUE
"586",1.19077,0.363,0.038,TRUE
"911",1.19078,0.325,0.038,TRUE
"876",1.19223,0.25,0.038,TRUE
"47",1.19242,0.257,0,TRUE
"865",1.1926,0.476,0.038,TRUE
"716",1.19301,0.401,0,TRUE
"839",1.19363,0.189,0.038,TRUE
"215",1.19371,0.325,0.038,TRUE
"228",1.19384,0.363,0.038,TRUE
"996",1.19471,0.363,0,TRUE
"799",1.1949,0.325,0.038,TRUE
"984",1.19565,0.288,0.038,TRUE
"284",1.19566,0.325,0,TRUE
"919",1.19589,0.476,0.038,TRUE
"303",1.19592,0.439,0.038,TRUE
"205",1.19618,0.401,0.038,TRUE
"271",1.19657,0.439,0.038,TRUE
"307",1.19666,0.325,0.038,TRUE
"923",1.19684,0.288,0,TRUE
"663",1.19727,0.401,0,TRUE
"925",1.19751,0.401,0.038,TRUE
"323",1.19804,0.25,0.038,TRUE
"858",1.19885,0.439,0.038,TRUE
"405",1.19897,0.219,0,TRUE
"771",1.19902,0.401,0,TRUE
"93",1.19916,0.401,0.038,TRUE
"942",1.1994,0.288,0.038,TRUE
"775",1.1998,0.363,0,TRUE
"782",1.19984,0.401,0,TRUE
"195",1.20008,0.401,0,TRUE
"247",1.2002,0.325,0.038,TRUE
"469",1.2002,0.439,0.038,TRUE
"141",1.20054,0.212,0.038,TRUE
"665",1.20145,0.288,0,TRUE
"321",1.20169,0.401,0.038,TRUE
"395",1.20172,0.25,0.038,TRUE
"374",1.20295,0.439,0,TRUE
"900",1.20364,0,0.038,TRUE
"471",1.20392,0.325,0,TRUE
"584",1.20423,0.325,0.038,TRUE
"732",1.20438,0.401,0.038,TRUE
"987",1.20546,0.401,0.038,TRUE
"579",1.20639,0.476,0.038,TRUE
"217",1.20698,0.325,0.038,TRUE
"939",1.20731,0.325,0.038,TRUE
"450",1.20794,0.325,0,TRUE
"883",1.20839,0.25,0.038,TRUE
"389",1.20864,0.363,0,TRUE
"773",1.20866,0.401,0,TRUE
"557",1.20926,0.106,0.038,TRUE
"115",1.20996,0.401,0.038,TRUE
"404",1.21002,0.401,0.038,TRUE
"316",1.21032,0.476,0.038,TRUE
"673",1.21036,0.174,0,TRUE
"540",1.21042,0.401,0,TRUE
"488",1.21139,0.288,0.038,TRUE
"84",1.21153,0.325,0,TRUE
"912",1.21156,0.401,0.038,TRUE
"87",1.21262,0.325,0,TRUE
"497",1.21331,0.25,0,TRUE
"932",1.21371,0.325,0.038,TRUE
"464",1.21379,0.325,0.038,TRUE
"283",1.21465,0.288,0.038,TRUE
"723",1.21495,0.288,0.038,TRUE
"641",1.21502,0.325,0.038,TRUE
"114",1.21539,0.329,0.038,TRUE
"854",1.21553,0.325,0,TRUE
"99",1.21566,0.401,0.038,TRUE
"566",1.21573,0.25,0,TRUE
"831",1.21593,0.325,0.038,TRUE
"183",1.21618,0.476,0.038,TRUE
"668",1.21629,0.288,0,TRUE
"660",1.21773,0.363,0,TRUE
"304",1.21802,0.325,0.038,TRUE
"753",1.21848,0.401,0.038,TRUE
"558",1.21884,0.075,0.038,TRUE
"649",1.21905,0.401,0,TRUE
"709",1.2192,0.363,0,TRUE
"60",1.21943,0.476,0.038,TRUE
"313",1.21975,0.288,0,TRUE
"728",1.21994,0.401,0,TRUE
"253",1.2201,0.25,0.038,TRUE
"801",1.22066,0.288,0.038,TRUE
"703",1.22069,0.25,0,TRUE
"310",1.22189,0.325,0.038,TRUE
"222",1.22236,0.325,0.038,TRUE
"322",1.22267,0.363,0.038,TRUE
"269",1.22274,0.288,0.038,TRUE
"358",1.22281,0.325,0.038,TRUE
"598",1.22356,0.363,0.038,TRUE
"452",1.22457,0.401,0,TRUE
"245",1.225,0.401,0.038,TRUE
"320",1.22508,0.325,0.038,TRUE
"249",1.22564,0.288,0.038,TRUE
"551",1.2257,0.288,0.038,TRUE
"881",1.2261,0.288,0,TRUE
"25",1.22654,0.439,0.038,TRUE
"352",1.22656,0.325,0.038,TRUE
"717",1.22701,0.261,0.038,TRUE
"605",1.22704,0.325,0.038,TRUE
"234",1.22746,0.363,0.038,TRUE
"119",1.22754,0.325,0.038,TRUE
"487",1.22804,0.363,0.038,TRUE
"35",1.22837,0.212,0.038,TRUE
"973",1.22852,0.226,0.038,TRUE
"7",1.22891,0.363,0.038,TRUE
"131",1.22956,0.185,0,TRUE
"42",1.23019,0.363,0.038,TRUE
"688",1.23031,0.295,0.038,TRUE
"390",1.23036,0.401,0.038,TRUE
"705",1.23102,0.439,0.038,TRUE
"818",1.23111,0.25,0.038,TRUE
"682",1.2312,0.439,0.038,TRUE
"590",1.2313,0.226,0.038,TRUE
"868",1.23175,0.288,0.038,TRUE
"514",1.23181,0.363,0.038,TRUE
"254",1.23232,0.253,0.038,TRUE
"774",1.23245,0.325,0.038,TRUE
"360",1.23248,0.363,0.038,TRUE
"573",1.2326,0.325,0.038,TRUE
"417",1.23284,0.439,0.038,TRUE
"889",1.23289,0.363,0,TRUE
"995",1.23312,0.401,0.038,TRUE
"149",1.23328,0.401,0.038,TRUE
"138",1.23334,0.363,0.038,TRUE
"644",1.23342,0.288,0,TRUE
"802",1.23345,0.325,0.038,TRUE
"518",1.23387,0.25,0.038,TRUE
"891",1.23399,0.325,0,TRUE
"142",1.23413,0.476,0.038,TRUE
"166",1.23419,0.439,0,TRUE
"230",1.23439,0.178,0,TRUE
"684",1.23503,0.212,0,TRUE
"746",1.23506,0.25,0.038,TRUE
"280",1.23515,0.182,0.038,TRUE
"777",1.23648,0.329,0,TRUE
"270",1.23692,0.401,0.038,TRUE
"224",1.23697,0.363,0.038,TRUE
"376",1.23704,0.325,0.075,TRUE
"143",1.23812,0.288,0.038,TRUE
"295",1.23812,0.174,0.038,TRUE
"152",1.23828,0.25,0,TRUE
"400",1.239,0.288,0,TRUE
"770",1.23968,0.216,0.038,TRUE
"895",1.241,0.363,0.038,TRUE
"502",1.24142,0.288,0.038,TRUE
"739",1.24143,0.401,0.038,TRUE
"720",1.24161,0.401,0.038,TRUE
"542",1.24251,0.363,0.038,TRUE
"696",1.24306,0.185,0.038,TRUE
"479",1.24325,0.439,0.038,TRUE
"146",1.24335,0.439,0.038,TRUE
"274",1.24365,0.401,0.038,TRUE
"252",1.24376,0.363,0.038,TRUE
"94",1.24399,0.439,0,TRUE
"134",1.24422,0.151,0,TRUE
"420",1.24443,0.439,0.038,TRUE
"106",1.24444,0.325,0.038,TRUE
"200",1.24459,0.257,0.038,TRUE
"870",1.2459,0.363,0,TRUE
"552",1.24638,0.439,0.038,TRUE
"655",1.2469,0.401,0,TRUE
"381",1.24694,0.439,0,TRUE
"794",1.24842,0.325,0.038,TRUE
"490",1.2487,0.288,0.038,TRUE
"781",1.24876,0.25,0,TRUE
"587",1.24903,0.212,0.038,TRUE
"69",1.24949,0.401,0,TRUE
"298",1.24965,0.25,0.038,TRUE
"263",1.25023,0.363,0.038,TRUE
"661",1.25124,0.325,0,TRUE
"116",1.25135,0.325,0.038,TRUE
"314",1.2517,0.25,0,TRUE
"399",1.25195,0.288,0,TRUE
"702",1.25284,0.363,0,TRUE
"793",1.25382,0.363,0.038,TRUE
"168",1.25419,0.401,0.038,TRUE
"327",1.25466,0.325,0,TRUE
"68",1.25533,0.174,0,TRUE
"674",1.25692,0.439,0.038,TRUE
"61",1.25793,0.14,0,TRUE
"239",1.25866,0.363,0.038,TRUE
"244",1.259,0.212,0.038,TRUE
"840",1.2591,0.439,0.038,TRUE
"892",1.25914,0.439,0.038,TRUE
"582",1.25944,0.151,0.038,TRUE
"127",1.25949,0.363,0,TRUE
"631",1.26025,0.439,0.038,TRUE
"48",1.26092,0.401,0.038,TRUE
"593",1.26186,0.363,0.038,TRUE
"629",1.26206,0.25,0.038,TRUE
"65",1.26209,0.363,0,TRUE
"577",1.26228,0.363,0.038,TRUE
"188",1.26255,0.363,0,TRUE
"819",1.26267,0.151,0.038,TRUE
"242",1.26391,0.363,0.038,TRUE
"238",1.26413,0.212,0,TRUE
"570",1.26429,0.325,0,TRUE
"960",1.2646,0.325,0,TRUE
"175",1.26462,0.25,0.038,TRUE
"853",1.26498,0.363,0,TRUE
"637",1.26501,0.257,0.038,TRUE
"813",1.26523,0.212,0,TRUE
"108",1.26532,0.25,0.038,TRUE
"792",1.26559,0.11,0.038,TRUE
"538",1.26603,0.212,0.038,TRUE
"426",1.26662,0.325,0,TRUE
"435",1.26665,0.25,0,TRUE
"983",1.26705,0.288,0.038,TRUE
"646",1.26706,0.363,0.038,TRUE
"689",1.26764,0.288,0.038,TRUE
"534",1.26803,0.174,0,TRUE
"30",1.26808,0.325,0,TRUE
"70",1.26872,0.401,0.038,TRUE
"130",1.26921,0.363,0.038,TRUE
"861",1.26949,0.174,0,TRUE
"645",1.27018,0.401,0,TRUE
"950",1.27025,0.14,0.038,TRUE
"677",1.2706,0.219,0.038,TRUE
"976",1.27094,0.363,0.038,TRUE
"34",1.27141,0.151,0.038,TRUE
"459",1.2715,0.257,0.038,TRUE
"981",1.27165,0.401,0.038,TRUE
"477",1.27288,0.25,0,TRUE
"137",1.27302,0.325,0.038,TRUE
"268",1.27307,0.288,0.038,TRUE
"612",1.27341,0.325,0,TRUE
"510",1.27406,0.363,0.038,TRUE
"928",1.27407,0.182,0.038,TRUE
"857",1.27414,0.439,0.038,TRUE
"535",1.27428,0.325,0.038,TRUE
"893",1.2749,0.25,0,TRUE
"339",1.27645,0.174,0.038,TRUE
"369",1.27645,0.401,0.038,TRUE
"139",1.27724,0.363,0,TRUE
"962",1.27836,0.25,0.038,TRUE
"948",1.2785,0.288,0,TRUE
"22",1.27873,0.151,0.038,TRUE
"954",1.27927,0.325,0.038,TRUE
"463",1.27946,0.401,0.038,TRUE
"724",1.27972,0.174,0.038,TRUE
"524",1.28005,0.401,0.038,TRUE
"842",1.28028,0.147,0.038,TRUE
"750",1.28044,0.182,0.038,TRUE
"421",1.2806,0.216,0,TRUE
"537",1.28096,0.216,0.038,TRUE
"945",1.28119,0.25,0.038,TRUE
"872",1.2814,0.363,0.038,TRUE
"710",1.28171,0.11,0.038,TRUE
"62",1.28242,0.363,0.038,TRUE
"126",1.28248,0.401,0,TRUE
"576",1.28266,0.401,0,TRUE
"745",1.28335,0.295,0.038,TRUE
"225",1.28365,0.212,0,TRUE
"545",1.284,0,0.038,TRUE
"109",1.28405,0.401,0.038,TRUE
"508",1.2851,0.439,0.038,TRUE
"191",1.28537,0.363,0.038,TRUE
"639",1.28552,0.291,0,TRUE
"80",1.28565,0.363,0.038,TRUE
"163",1.28595,0.288,0.038,TRUE
"366",1.28598,0.288,0.038,TRUE
"708",1.28601,0.363,0,TRUE
"482",1.28625,0.363,0.038,TRUE
"86",1.28651,0.25,0.038,TRUE
"484",1.28685,0.439,0.038,TRUE
"472",1.28688,0.325,0,TRUE
"88",1.287,0.363,0,TRUE
"695",1.28729,0.401,0,TRUE
"290",1.28734,0.363,0.038,TRUE
"53",1.28737,0.325,0.038,TRUE
"79",1.28756,0.363,0.038,TRUE
"364",1.28777,0.439,0.038,TRUE
"214",1.28863,0.401,0,TRUE
"654",1.28868,0.401,0.038,TRUE
"473",1.28961,0.439,0,TRUE
"451",1.29058,0.325,0,TRUE
"968",1.29101,0.363,0.038,TRUE
"541",1.2922,0.476,0.038,TRUE
"402",1.29272,0.288,0.038,TRUE
"111",1.29325,0.401,0,TRUE
"444",1.29375,0.401,0.038,TRUE
"43",1.29399,0.325,0.038,TRUE
"671",1.29462,0.401,0,TRUE
"761",1.29485,0.476,0.038,TRUE
"751",1.29496,0.325,0,TRUE
"324",1.29549,0.363,0,TRUE
"559",1.2958,0.329,0.038,TRUE
"789",1.29655,0.476,0.038,TRUE
"615",1.29705,0.147,0,TRUE
"931",1.29769,0.363,0,TRUE
"199",1.29873,0.439,0.038,TRUE
"213",1.29903,0.325,0.075,TRUE
"456",1.29991,0.219,0.038,TRUE
"765",1.29996,0.401,0.038,TRUE
"834",1.30054,0.439,0,TRUE
"458",1.30092,0.185,0.038,TRUE
"529",1.30102,0.288,0,TRUE
"810",1.30209,0.401,0.038,TRUE
"632",1.30286,0.325,0.038,TRUE
"255",1.3035,0.401,0.038,TRUE
"198",1.3037,0.253,0.038,TRUE
"110",1.3041,0.325,0.038,TRUE
"202",1.30414,0.325,0,TRUE
"133",1.30441,0.439,0.038,TRUE
"905",1.30562,0.363,0.038,TRUE
"232",1.30622,0.325,0.038,TRUE
"356",1.30697,0.439,0.038,TRUE
"979",1.30786,0.439,0,TRUE
"41",1.31061,0.253,0,TRUE
"707",1.31093,0.439,0,TRUE
"638",1.311,0.325,0,TRUE
"743",1.31202,0.363,0,TRUE
"372",1.31259,0.325,0,TRUE
"294",1.31261,0.137,0.038,TRUE
"675",1.31304,0.401,0,TRUE
"760",1.31347,0.291,0,TRUE
"77",1.31372,0.253,0,TRUE
"95",1.31407,0.363,0.038,TRUE
"657",1.31586,0.401,0.038,TRUE
"776",1.31609,0.401,0.038,TRUE
"419",1.3161,0.219,0,TRUE
"952",1.31675,0.363,0,TRUE
"54",1.31678,0.325,0,TRUE
"888",1.31678,0.401,0.038,TRUE
"354",1.31763,0.439,0,TRUE
"431",1.31766,0.367,0,TRUE
"91",1.31789,0.401,0.038,TRUE
"76",1.31866,0.257,0.038,TRUE
"429",1.31928,0.439,0.038,TRUE
"71",1.3197,0.439,0.038,TRUE
"504",1.3199,0.25,0,TRUE
"201",1.32012,0.219,0,TRUE
"988",1.32173,0.401,0.038,TRUE
"533",1.32253,0.325,0.038,TRUE
"965",1.32257,0.439,0,TRUE
"219",1.32334,0.439,0,TRUE
"836",1.32408,0.439,0.038,TRUE
"264",1.32455,0.363,0.038,TRUE
"251",1.32527,0.25,0.038,TRUE
"287",1.32557,0.363,0.038,TRUE
"209",1.32585,0.363,0.038,TRUE
"604",1.32613,0.367,0.038,TRUE
"621",1.32671,0.363,0.038,TRUE
"899",1.32681,0.106,0,TRUE
"569",1.32687,0.439,0.038,TRUE
"384",1.32884,0.288,0.038,TRUE
"489",1.32934,0.325,0.038,TRUE
"492",1.32959,0.401,0,TRUE
"2",1.3301,0.325,0.038,TRUE
"407",1.3301,0.401,0,TRUE
"336",1.33072,0.25,0.038,TRUE
"863",1.3313,0.329,0.038,TRUE
"764",1.33142,0.367,0.038,TRUE
"742",1.33157,0.363,0,TRUE
"991",1.33215,0.288,0,TRUE
"301",1.33324,0.363,0.038,TRUE
"37",1.33399,0.476,0.038,TRUE
"174",1.33432,0.223,0.038,TRUE
"63",1.33495,0.075,0,TRUE
"555",1.33507,0.257,0.038,TRUE
"164",1.33537,0.363,0.038,TRUE
"592",1.33553,0.325,0.038,TRUE
"823",1.3357,0.401,0.038,TRUE
"944",1.33602,0.439,0.038,TRUE
"167",1.33629,0.476,0.038,TRUE
"121",1.33695,0.288,0,TRUE
"216",1.33794,0.442,0.038,TRUE
"915",1.33864,0.363,0.038,TRUE
"285",1.33872,0.288,0,TRUE
"627",1.33872,0.25,0.038,TRUE
"74",1.33889,0.329,0,TRUE
"105",1.33985,0.325,0,TRUE
"937",1.34014,0.476,0,TRUE
"914",1.34027,0.439,0.038,TRUE
"455",1.34078,0.363,0.038,TRUE
"811",1.3413,0.401,0.038,TRUE
"992",1.34163,0.401,0.038,TRUE
"359",1.34195,0.363,0.038,TRUE
"145",1.34248,0.325,0.038,TRUE
"266",1.3429,0.363,0,TRUE
"658",1.34307,0.185,0.038,TRUE
"640",1.34348,0.174,0,TRUE
"920",1.34398,0.363,0.038,TRUE
"82",1.34417,0.401,0.038,TRUE
"97",1.34422,0.25,0.038,TRUE
"964",1.345,0.476,0.038,TRUE
"694",1.34616,0.439,0.038,TRUE
"521",1.3468,0.288,0.038,TRUE
"676",1.34801,0.151,0,TRUE
"733",1.34857,0.25,0,TRUE
"596",1.34891,0.367,0.038,TRUE
"428",1.34895,0.288,0,TRUE
"279",1.34898,0.212,0,TRUE
"601",1.34947,0.401,0,TRUE
"749",1.34951,0.174,0,TRUE
"474",1.34974,0.363,0.038,TRUE
"333",1.3551,0.363,0.038,TRUE
"967",1.35708,0.174,0,TRUE
"725",1.35749,0.363,0.038,TRUE
"325",1.35806,0.189,0.038,TRUE
"212",1.35827,0.363,0,TRUE
"904",1.35838,0.288,0.038,TRUE
"90",1.35876,0.401,0,TRUE
"317",1.35886,0.151,0.038,TRUE
"331",1.36093,0.325,0,TRUE
"523",1.36215,0.401,0.038,TRUE
"766",1.36248,0.182,0,TRUE
"433",1.36431,0.329,0.038,TRUE
"312",1.36435,0.325,0.038,TRUE
"924",1.36541,0.182,0.038,TRUE
"536",1.36748,0.363,0,TRUE
"715",1.36754,0.439,0,TRUE
"574",1.36758,0.401,0,TRUE
"210",1.36844,0.363,0,TRUE
"447",1.3687,0.401,0.038,TRUE
"5",1.3693,0.363,0.038,TRUE
"203",1.36963,0.223,0.038,TRUE
"17",1.36975,0.401,0.038,TRUE
"406",1.3717,0.363,0.038,TRUE
"519",1.3717,0.147,0,TRUE
"306",1.37212,0.439,0.038,TRUE
"10",1.37312,0.325,0,TRUE
"15",1.37406,0.325,0,TRUE
"873",1.37487,0.401,0,TRUE
"176",1.37556,0.147,0.038,TRUE
"185",1.37586,0.401,0.038,TRUE
"874",1.37643,0.113,0,TRUE
"575",1.37721,0.11,0.038,TRUE
"713",1.37756,0.182,0.038,TRUE
"561",1.3778,0.291,0,TRUE
"485",1.37806,0.363,0,TRUE
"373",1.37873,0.325,0.038,TRUE
"652",1.37939,0.25,0.038,TRUE
"117",1.37978,0.325,0.038,TRUE
"394",1.38244,0.291,0.038,TRUE
"150",1.38249,0.439,0.038,TRUE
"963",1.3837,0.439,0.038,TRUE
"96",1.38373,0.401,0.038,TRUE
"902",1.38407,0.401,0,TRUE
"178",1.38507,0.325,0,TRUE
"980",1.38529,0.401,0,TRUE
"73",1.38766,0.439,0.038,TRUE
"817",1.38788,0.401,0,TRUE
"302",1.38888,0.476,0,TRUE
"278",1.38916,0.363,0,TRUE
"243",1.38927,0.439,0,TRUE
"132",1.39045,0.219,0.038,TRUE
"785",1.39133,0.401,0.038,TRUE
"233",1.39388,0.401,0.038,TRUE
"181",1.39402,0.291,0.038,TRUE
"503",1.39463,0.295,0,TRUE
"862",1.39514,0.476,0,TRUE
"824",1.39662,0.401,0.038,TRUE
"875",1.40471,0.223,0,TRUE
"273",1.40486,0.291,0,TRUE
"496",1.40589,0.363,0.038,TRUE
"722",1.40623,0.439,0.038,TRUE
"51",1.40625,0.325,0.038,TRUE
"240",1.40747,0.401,0.038,TRUE
"81",1.40948,0.439,0,TRUE
"160",1.40979,0.401,0.038,TRUE
"226",1.41184,0.325,0,TRUE
"734",1.41238,0.147,0,TRUE
"154",1.41323,0.212,0.038,TRUE
"880",1.4134,0.144,0,TRUE
"591",1.41691,0.113,0.038,TRUE
"418",1.41803,0.439,0,TRUE
"752",1.41855,0.363,0.038,TRUE
"982",1.42238,0.25,0.038,TRUE
"21",1.42274,0.151,0,TRUE
"382",1.425,0.363,0,TRUE
"826",1.42602,0.288,0.038,TRUE
"379",1.43021,0.185,0.038,TRUE
"906",1.43059,0.325,0,TRUE
"377",1.43235,0.439,0,TRUE
"275",1.44222,0.288,0.038,TRUE
"29",1.44301,0.295,0.038,TRUE
"401",1.44793,0.476,0,TRUE
"398",1.45034,0.439,0,TRUE
"643",1.45143,0.363,0,TRUE
"828",1.45357,0.439,0,TRUE
"933",1.45924,0.401,0,TRUE
"530",1.46387,0.439,0.038,TRUE
"153",1.47835,0.329,0,TRUE
