,A,C,D,E,F,G,H,I,K,L,M,N,P,Q,R,S,T,V,W,Y
S3,-0.18,-0.29,-0.29,-0.05,-0.54,-0.81,-0.91,0.90,-0.69,-0.62,-0.31,-1.14,2.82,-0.74,-0.36,0.00,0.78,0.52,0.07,-0.83
R16,0.19,0.51,2.58,1.92,2.69,1.69,0.42,0.56,1.07,-0.41,-0.85,-0.07,6.97,-0.08,0.00,1.22,2.65,1.38,6.57,6.47
D19,-0.01,0.50,-0.02,-0.46,-1.12,1.29,-0.26,-0.32,1.20,-0.79,-0.48,0.48,11.13,-0.33,1.96,0.04,0.65,0.33,-0.77,-0.96
R21,1.63,2.03,2.01,2.02,1.18,2.61,1.11,1.09,0.83,1.16,1.58,1.29,10.62,0.94,0.54,2.16,1.89,1.48,0.92,1.03
P28,1.23,1.57,2.03,1.80,1.59,1.79,1.53,1.47,1.24,1.54,1.91,1.67,0.00,1.35,1.79,0.94,1.45,1.82,0.86,1.55
T29,0.42,0.45,0.38,0.50,-0.59,0.68,-0.95,0.01,0.04,-0.04,0.11,-0.18,1.81,-0.07,-0.19,0.24,-0.00,0.03,-0.83,-0.90
P32,1.93,3.42,6.79,8.67,8.94,3.51,8.60,7.64,10.92,7.24,8.54,4.24,-0.00,9.74,12.86,3.82,3.91,6.43,11.27,9.77
I35,3.14,2.97,5.39,4.57,2.14,4.62,2.68,0.02,6.42,-0.04,2.48,3.14,6.88,2.84,6.55,3.49,2.28,0.41,5.48,3.76
R37,0.25,0.10,2.95,1.22,7.79,1.54,1.72,-1.40,0.87,-2.24,0.62,0.39,-0.31,-0.24,0.00,0.71,0.13,-0.73,12.53,8.63
Y38,3.60,3.27,4.22,4.98,0.24,5.44,2.07,4.51,2.66,1.83,2.54,2.90,8.82,2.82,3.55,4.00,4.22,5.20,0.05,0.08
K39,-0.20,0.13,0.53,0.27,0.75,0.43,-0.35,-0.01,0.00,-0.14,0.25,-0.17,-0.88,-0.00,0.64,-0.29,-0.23,-0.03,-1.70,0.51
K49,-0.18,-0.25,0.64,-0.05,-0.86,0.79,-0.39,-0.50,0.00,-0.65,-0.15,-0.05,1.01,-0.42,0.19,0.17,0.01,-1.19,-0.15,-0.67
D56,-1.40,-1.11,0.00,-1.48,-2.30,-0.39,-1.19,-2.02,-1.86,-1.83,-1.95,-0.85,1.64,-1.90,-2.05,-1.37,-1.43,-1.74,-2.31,-2.02
M60,1.00,2.41,2.28,0.91,-0.28,3.39,1.35,-0.48,2.35,-0.53,0.27,1.47,8.13,-0.35,2.83,2.51,1.35,0.33,-0.08,0.37
K65,0.68,1.14,1.56,0.03,0.83,1.60,0.34,0.36,0.00,0.54,0.81,0.78,6.80,0.72,1.20,1.33,0.94,0.56,0.34,0.58
R70,-1.31,-0.99,0.25,-1.36,-3.72,-0.48,-2.07,-2.55,-0.59,-2.90,-2.80,-1.33,2.72,-1.86,-0.14,-0.52,-0.70,-0.80,-2.97,-3.78
L82,1.33,1.44,3.77,1.88,-3.72,2.96,0.17,-0.09,2.15,-0.00,-0.32,1.54,2.50,0.19,2.26,1.92,1.78,0.19,-0.47,-3.63
V89,-0.96,-0.62,0.50,0.36,-2.46,0.16,-2.23,0.24,-0.11,-2.32,-1.47,-1.23,-0.32,-1.53,-0.94,-0.46,-0.78,0.09,-2.09,-1.61
V91,-0.09,-0.37,0.30,0.39,3.94,1.24,1.21,0.28,1.39,0.99,-0.08,-0.41,1.31,0.39,1.54,-0.07,0.33,0.00,-0.56,4.29
V98,1.11,1.61,2.61,1.33,-0.06,2.49,0.48,-0.39,2.48,-0.45,0.44,0.85,7.06,0.76,2.73,1.87,1.14,-0.00,1.93,2.46
Y113,5.57,5.76,8.51,7.29,0.95,6.94,3.81,3.78,7.72,3.69,4.96,6.00,12.25,5.50,7.11,6.04,5.18,4.04,6.24,-0.00
G120,0.10,-0.03,0.21,0.10,-0.35,0.00,0.27,0.23,0.01,0.24,0.41,-0.04,0.05,0.18,0.77,-0.18,-0.15,0.21,0.27,-0.46
